[{"name":"Global Theme Settings","settings":[{"type":"color","label":"Theme Primary color","id":"stencil-primary-color"},{"type":"heading","content":"Background and lines"},{"type":"color","label":"Page background","id":"body-bg"},{"type":"color","label":"Common dark background","id":"container-fill-dark"},{"type":"color","label":"Modal overlay background","id":"overlay-backgroundColor"},{"type":"color","label":"Alert popup box background","id":"alert-backgroundColor"},{"type":"color","label":"Horizontal line","id":"container-border-global-color-base"},{"type":"heading","content":"Body text and links"},{"type":"font","label":"Body text font family","id":"body-font","options":[{"label":"Rubik","value":"Google_Rubik_400,400i,300,300i,500,500i,700.700i,900,900i"},{"label":"Roboto","value":"Google_Roboto_400,500,600,700,800,900"}]},{"type":"heading","content":"Headings"},{"type":"font","label":"Heading font family","id":"headings-font","options":[{"label":"Rubik","value":"Google_Rubik_500"},{"label":"Roboto","value":"Google_Roboto_400"}]},{"type":"color","label":"Heading text color","id":"color-textHeading"},{"type":"heading","content":"Loading indicators"},{"type":"color","label":"Page loading bar","id":"pace-progress-backgroundColor"},{"type":"color","label":"Spinner light half","id":"spinner-borderColor-light"},{"type":"color","label":"Spinner dark half","id":"spinner-borderColor-dark"},{"type":"color","label":"Modal loading background","id":"loadingOverlay-backgroundColor"},{"type":"color","label":"Product thumbnail loading background","id":"container-fill-base"},{"type":"heading","content":"Image Loading"},{"type":"paragraph","content":"Cornerstone doesn’t load most images until the user scrolls to them on the screen. Enable \"Lazyloading with LQIP\" below if you prefer to show a preview image and replace it with a better quality version as the user scrolls. Select \"Disabled\" below to fully turn off this feature."},{"type":"select","id":"lazyload_mode","force_reload":true,"label":"Lazyloading Mode","options":[{"value":"lazyload","label":"Lazyload"},{"value":"lazyload+lqip","label":"Lazyload with LQIP"},{"value":"disabled","label":"Disabled"}]},{"type":"heading","content":"Pages"},{"type":"checkbox","label":"Hide breadcrumbs","force_reload":true,"id":"hide_breadcrumbs"},{"type":"checkbox","label":"Hide page heading","force_reload":true,"id":"hide_page_heading"},{"type":"checkbox","label":"Hide category page heading","force_reload":true,"id":"hide_category_page_heading"},{"type":"checkbox","label":"Hide blog page heading","force_reload":true,"id":"hide_blog_page_heading"},{"type":"checkbox","label":"Hide contact us page heading","force_reload":true,"id":"hide_contact_us_page_heading"},{"type":"heading","content":"Blog"},{"type":"imageDimension","id":"blog_size","force_reload":true,"label":"Size of images","options":[{"value":"400x400","label":"Optimized for theme"},{"value":"custom","label":"Specify dimensions"}]},{"type":"heading","content":"Subcategory"},{"type":"checkbox","label":"Subcategory Hide/Show","force_reload":true,"id":"subcategory"},{"type":"heading","content":"Pricing"},{"type":"checkbox","label":"Show price ranges for products with variants. If disabled it will show the product price","force_reload":true,"id":"price_ranges"},{"type":"heading","content":"Purchase options"},{"type":"checkbox","label":"Hide purchase options (price and add to cart button) for customers who aren't logged in","force_reload":true,"id":"restrict_to_login"},{"type":"heading","content":"Form Input fields"},{"type":"color","label":"Label text color","id":"form-label-font-color"},{"type":"color","label":"Field text color","id":"input-font-color"},{"type":"color","label":"Field background","id":"input-bg-color"},{"type":"color","label":"Field background disabled","id":"input-disabled-bg"},{"type":"color","label":"Field border","id":"input-border-color"},{"type":"color","label":"Field border active","id":"input-border-color-active"}]},{"name":"Header & Footer","settings":[{"type":"heading","content":"Header"},{"type":"color","label":"Header background","id":"header-backgroundColor"},{"type":"checkbox","label":"show sticky header","force_reload":true,"id":"sticky-header"},{"type":"heading","content":"Logo"},{"type":"imageDimension","label":"Logo image size","id":"logo_size","description":"Please specify a maximum image size for desktop display. We'll automatically scale down the image for smaller devices.","force_reload":true,"options":[{"value":"150x34","label":"Optimized for theme"},{"value":"original","label":"Original (as uploaded)"},{"value":"custom","label":"Specify dimensions"}]},{"type":"select","label":"Logo font size","id":"logo_fontSize","options":[{"value":14,"label":"14px"},{"value":16,"label":"16px"},{"value":18,"label":"18px"},{"value":20,"label":"20px"},{"value":22,"label":"22px"},{"value":24,"label":"24px"},{"value":26,"label":"26px"},{"value":28,"label":"28px"},{"value":30,"label":"30px"},{"value":32,"label":"32px"},{"value":34,"label":"34px"},{"value":36,"label":"36px"},{"value":38,"label":"38px"},{"value":40,"label":"40px"},{"value":42,"label":"42px"},{"value":44,"label":"44px"},{"value":46,"label":"46px"},{"value":48,"label":"48px"},{"value":50,"label":"50px"},{"value":52,"label":"52px"},{"value":54,"label":"54px"},{"value":56,"label":"56px"},{"value":58,"label":"58px"},{"value":60,"label":"60px"},{"value":62,"label":"62px"},{"value":64,"label":"64px"},{"value":66,"label":"66px"},{"value":68,"label":"68px"},{"value":70,"label":"70px"},{"value":72,"label":"72px"},{"value":74,"label":"74px"}]},{"type":"color","label":"Logo text color","id":"storeName-color"},{"type":"heading","content":"Utility navigation"},{"type":"color","label":"Text color","id":"navUser-color"},{"type":"color","label":"Text hover color","id":"navUser-color-hover"},{"type":"color","label":"Cart dropdown border","id":"navUser-dropdown-borderColor"},{"type":"color","label":"Cart counter background","id":"navUser-indicator-backgroundColor"},{"type":"heading","content":"Main navigation"},{"type":"select","label":"Select Navigation","id":"headernavigation","options":[{"value":"navcategory","label":"Category"},{"value":"navwebpage","label":"Web page"},{"value":"navboth","label":"Both menu"}],"force_reload":true},{"type":"color","label":"Text color","id":"navPages-color"},{"type":"color","label":"Text hover color","id":"navPages-color-hover"},{"type":"text","label":"Category Menu Name","id":"category-menu-name"},{"type":"heading","content":"Social media icons"},{"type":"paragraph","content":"Social accounts must be set up to use this feature."},{"type":"select","label":"Footer Placement","id":"social_icon_placement_bottom","force_reload":true,"options":[{"value":"bottom_none","label":"Hide"},{"value":"bottom_left","label":"Show"}]},{"type":"heading","content":"Footer"},{"type":"text","label":"Footer Logo","id":"footer-logo"},{"type":"text","label":"Footer Email","id":"footer-email"},{"type":"text","label":"Footer Time","id":"footer-time"},{"type":"color","label":"Footer background","id":"footer-backgroundColor"},{"type":"color","label":"Footer Heading Color","id":"footer-info-heading-color"},{"type":"color","label":"Footer Text Color","id":"footer-font-color"},{"type":"color","label":"Footer Text Hover Color","id":"footer-font-hover-color"},{"type":"heading","content":"Credits"},{"type":"checkbox","label":"Show \"Powered by BigCommerce\"","force_reload":true,"id":"show_powered_by_bigcommerce"},{"type":"checkbox","label":"Show &quot;Powered by PSDCenter&quot;","force_reload":true,"id":"show_powered_by"},{"type":"heading","content":"Footer Elements"},{"type":"checkbox","label":"Show brands in footer","force_reload":true,"id":"shop_by_brand_show_footer"},{"type":"checkbox","label":"Show \"&copy;\", current year and store name","force_reload":true,"id":"show_copyright_footer"},{"type":"heading","content":"Payment icons"},{"type":"checkbox","label":"Show American Express","force_reload":true,"id":"show_accept_amex"},{"type":"checkbox","label":"Show Discover","force_reload":true,"id":"show_accept_discover"},{"type":"checkbox","label":"Show Mastercard","force_reload":true,"id":"show_accept_mastercard"},{"type":"checkbox","label":"Show PayPal","force_reload":true,"id":"show_accept_paypal"},{"type":"checkbox","label":"Show Visa","force_reload":true,"id":"show_accept_visa"},{"type":"checkbox","label":"Show Amazon Pay","force_reload":true,"id":"show_accept_amazonpay"},{"type":"checkbox","label":"Show Google Pay","force_reload":true,"id":"show_accept_googlepay"},{"type":"select","label":"Apple Pay color","id":"applePay-button","options":[{"value":"black","label":"Black (white text)"},{"value":"white","label":"White (black text)"},{"value":"white-border","label":"White (black text with border)"}]},{"type":"heading","content":"GeoTrust SSL"},{"type":"paragraph","content":"If you've purchased a GeoTrust SSL from BigCommerce, check your BigCommerce Account Dashboard for the correct Common Name to use here."},{"type":"text","label":"SSL Common Name","force_reload":true,"id":"geotrust_ssl_common_name"},{"type":"select","label":"Seal size","id":"geotrust_ssl_seal_size","options":[{"value":"M","label":"Medium"},{"value":"S","label":"Small"}],"force_reload":true}]},{"name":"Home Page","settings":[{"type":"heading","content":"Carousel"},{"type":"checkbox","label":"Show carousel","force_reload":true,"id":"homepage_show_carousel"},{"type":"checkbox","label":"Show carousel arrows","force_reload":true,"id":"homepage_show_carousel_arrows"},{"type":"checkbox","label":"Allow image to stretch on large screens","force_reload":true,"id":"homepage_stretch_carousel_images"},{"type":"color","label":"Header text","id":"carousel-title-color"},{"type":"color","label":"Description text","id":"carousel-description-color"},{"type":"color","label":"Indicator","id":"carousel-dot-color"},{"type":"color","label":"Indicator active","id":"carousel-dot-color-active"},{"type":"color","label":"Arrow","id":"carousel-arrow-color"},{"type":"color","label":"Arrow background","id":"carousel-arrow-bgColor"},{"type":"color","label":"Arrow border","id":"carousel-arrow-borderColor"},{"type":"heading","content":"Home Promotional Banner"},{"type":"checkbox","label":"Show Home Promotional Banner","force_reload":true,"id":"home-promotional-banner"},{"type":"text","label":"First Banner Image","force_reload":true,"id":"bannerimagefirst"},{"type":"text","label":"First Banner link","force_reload":true,"id":"bannerlinkfirst"},{"type":"text","label":"Second Banner Image","force_reload":true,"id":"bannerimagesecond"},{"type":"text","label":"Second Banner link","force_reload":true,"id":"bannerlinksecond"},{"type":"text","label":"Third Banner Image","force_reload":true,"id":"bannerimagethird"},{"type":"text","label":"Third Banner link","force_reload":true,"id":"bannerlinkthird"},{"type":"text","label":"Fourth Banner Image","force_reload":true,"id":"bannerimagefour"},{"type":"text","label":"Fourth Banner link","force_reload":true,"id":"bannerlinkfour"},{"type":"heading","content":"Product Sub heading"},{"type":"input","label":"Featured Product","force_reload":true,"id":"FeaturedSubTitle"},{"type":"input","label":"Most Popular Products","force_reload":true,"id":"TopSubTitle"},{"type":"input","label":"New Product","force_reload":true,"id":"NewSubTitle"},{"type":"input","label":"Related Product","force_reload":true,"id":"RelatedSubTitle"},{"type":"input","label":"Customer Also View","force_reload":true,"id":"CustomerViewSubTitle"},{"type":"input","label":"Blog Post","force_reload":true,"id":"BlogSubTitle"},{"type":"heading","content":"Instagram"},{"type":"checkbox","label":"Instagram Show","force_reload":true,"id":"show_instaram"},{"type":"text","label":"Instagram Title","id":"instagramtitle","force_reload":true},{"type":"text","label":"Instagram Access Token","id":"instagramKey","force_reload":true},{"type":"heading","content":"Products"},{"type":"select","label":"Number of featured products","id":"homepage_featured_products_count","force_reload":true,"options":[{"value":0,"label":"Disable"},{"value":1,"label":"1"},{"value":2,"label":"2"},{"value":3,"label":"3"},{"value":4,"label":"4"},{"value":5,"label":"5"},{"value":6,"label":"6"},{"value":7,"label":"7"},{"value":8,"label":"8"},{"value":9,"label":"9"},{"value":10,"label":"10"},{"value":11,"label":"11"},{"value":12,"label":"12"}]},{"type":"select","label":"Number of most popular products","id":"homepage_top_products_count","force_reload":true,"options":[{"value":0,"label":"Disable"},{"value":1,"label":"1"},{"value":2,"label":"2"},{"value":3,"label":"3"},{"value":4,"label":"4"},{"value":5,"label":"5"},{"value":6,"label":"6"},{"value":7,"label":"7"},{"value":8,"label":"8"},{"value":9,"label":"9"},{"value":10,"label":"10"},{"value":11,"label":"11"},{"value":12,"label":"12"}]},{"type":"select","label":"Number of new products","id":"homepage_new_products_count","force_reload":true,"options":[{"value":0,"label":"Disable"},{"value":1,"label":"1"},{"value":2,"label":"2"},{"value":3,"label":"3"},{"value":4,"label":"4"},{"value":5,"label":"5"},{"value":6,"label":"6"},{"value":7,"label":"7"},{"value":8,"label":"8"},{"value":9,"label":"9"},{"value":10,"label":"10"},{"value":11,"label":"11"},{"value":12,"label":"12"}]},{"type":"heading","content":"USP Section"},{"type":"select","label":"Show Number of USP Block","id":"show_usp","options":[{"value":0,"label":"Hide"},{"value":1,"label":"1"},{"value":2,"label":"2"},{"value":3,"label":"3"},{"value":4,"label":"4"}],"force_reload":true},{"type":"heading","content":"USP Block First"},{"type":"paragraph","content":"* You can either select a ready-made icon or utilize textbox below to use custom icon."},{"type":"select","label":"Select Ready-made Icon","id":"selected-icon1","force_reload":true,"options":[{"value":"SelectOne","label":"Select One"},{"value":"EasyReturn01","label":"Easy Return 01"},{"value":"EasyReturn02","label":"Easy Return 02"},{"value":"EasyReturn03","label":"Easy Return 03"},{"value":"EasyReturn04","label":"Easy Return 04"},{"value":"Exchange01","label":"Exchange 01"},{"value":"Exchange02","label":"Exchange 02"},{"value":"Exchange03","label":"Exchange 03"},{"value":"Exchange04","label":"Exchange 04"},{"value":"Guranteed01","label":"Guranteed 01"},{"value":"Guranteed02","label":"Guranteed 02"},{"value":"Guranteed03","label":"Guranteed 03"},{"value":"Guranteed04","label":"Guranteed 04"},{"value":"LoyaltyProgram01","label":"Loyalty Program 01"},{"value":"LoyaltyProgram02","label":"Loyalty Program 02"},{"value":"LoyaltyProgram03","label":"Loyalty Program 03"},{"value":"LoyaltyProgram04","label":"Loyalty Program 04"},{"value":"Payment01","label":"Payment 01"},{"value":"Payment02","label":"Payment 02"},{"value":"Payment03","label":"Payment 03"},{"value":"Payment04","label":"Payment 04"},{"value":"Safe&Secure01","label":"Safe & Secure 01"},{"value":"Safe&Secure02","label":"Safe & Secure 02"},{"value":"Safe&Secure03","label":"Safe & Secure 03"},{"value":"Safe&Secure04","label":"Safe & Secure 04"},{"value":"Shipping01","label":"Shipping 01"},{"value":"Shipping02","label":"Shipping 02"},{"value":"Shipping03","label":"Shipping 03"},{"value":"Shipping04","label":"Shipping 04"},{"value":"Support01","label":"Support 01"},{"value":"Support02","label":"Support 02"},{"value":"Support03","label":"Support 03"},{"value":"Support04","label":"Support 04"},{"value":"Wholesale&Discounts01","label":"Wholesale & Discounts 01"},{"value":"Wholesale&Discounts02","label":"Wholesale & Discounts 02"},{"value":"Wholesale&Discounts03","label":"Wholesale & Discounts 03"},{"value":"Wholesale&Discounts04","label":"Wholesale & Discounts 04"}]},{"type":"paragraph","content":"---------------OR---------------"},{"type":"text","label":"Custom icon image name (Please refer to theme guideline)","id":"UspImageFirst","force_reload":true},{"type":"text","label":"USP Title","id":"UspTitleFirst","force_reload":true},{"type":"text","label":"USP Subtext","id":"UspTextFirst","force_reload":true},{"type":"heading","content":"USP Block Second"},{"type":"paragraph","content":"* You can either select a ready-made icon or utilize textbox below to use custom icon."},{"type":"select","label":"Select Ready-made Icon","id":"selected-icon2","force_reload":true,"options":[{"value":"SelectOne","label":"Select One"},{"value":"EasyReturn01","label":"Easy Return 01"},{"value":"EasyReturn02","label":"Easy Return 02"},{"value":"EasyReturn03","label":"Easy Return 03"},{"value":"EasyReturn04","label":"Easy Return 04"},{"value":"Exchange01","label":"Exchange 01"},{"value":"Exchange02","label":"Exchange 02"},{"value":"Exchange03","label":"Exchange 03"},{"value":"Exchange04","label":"Exchange 04"},{"value":"Guranteed01","label":"Guranteed 01"},{"value":"Guranteed02","label":"Guranteed 02"},{"value":"Guranteed03","label":"Guranteed 03"},{"value":"Guranteed04","label":"Guranteed 04"},{"value":"LoyaltyProgram01","label":"Loyalty Program 01"},{"value":"LoyaltyProgram02","label":"Loyalty Program 02"},{"value":"LoyaltyProgram03","label":"Loyalty Program 03"},{"value":"LoyaltyProgram04","label":"Loyalty Program 04"},{"value":"Payment01","label":"Payment 01"},{"value":"Payment02","label":"Payment 02"},{"value":"Payment03","label":"Payment 03"},{"value":"Payment04","label":"Payment 04"},{"value":"Safe&Secure01","label":"Safe & Secure 01"},{"value":"Safe&Secure02","label":"Safe & Secure 02"},{"value":"Safe&Secure03","label":"Safe & Secure 03"},{"value":"Safe&Secure04","label":"Safe & Secure 04"},{"value":"Shipping01","label":"Shipping 01"},{"value":"Shipping02","label":"Shipping 02"},{"value":"Shipping03","label":"Shipping 03"},{"value":"Shipping04","label":"Shipping 04"},{"value":"Support01","label":"Support 01"},{"value":"Support02","label":"Support 02"},{"value":"Support03","label":"Support 03"},{"value":"Support04","label":"Support 04"},{"value":"Wholesale&Discounts01","label":"Wholesale & Discounts 01"},{"value":"Wholesale&Discounts02","label":"Wholesale & Discounts 02"},{"value":"Wholesale&Discounts03","label":"Wholesale & Discounts 03"},{"value":"Wholesale&Discounts04","label":"Wholesale & Discounts 04"}]},{"type":"paragraph","content":"---------------OR---------------"},{"type":"text","label":"Custom icon image name (Please refer to theme guideline)","id":"UspImageSecond","force_reload":true},{"type":"text","label":"USP Title","id":"UspTitleSecond","force_reload":true},{"type":"text","label":"USP Subtext","id":"UspTextSecond","force_reload":true},{"type":"heading","content":"USP Block Third"},{"type":"paragraph","content":"* You can either select a ready-made icon or utilize textbox below to use custom icon."},{"type":"select","label":"Select Ready-made Icon","id":"selected-icon3","force_reload":true,"options":[{"value":"SelectOne","label":"Select One"},{"value":"EasyReturn01","label":"Easy Return 01"},{"value":"EasyReturn02","label":"Easy Return 02"},{"value":"EasyReturn03","label":"Easy Return 03"},{"value":"EasyReturn04","label":"Easy Return 04"},{"value":"Exchange01","label":"Exchange 01"},{"value":"Exchange02","label":"Exchange 02"},{"value":"Exchange03","label":"Exchange 03"},{"value":"Exchange04","label":"Exchange 04"},{"value":"Guranteed01","label":"Guranteed 01"},{"value":"Guranteed02","label":"Guranteed 02"},{"value":"Guranteed03","label":"Guranteed 03"},{"value":"Guranteed04","label":"Guranteed 04"},{"value":"LoyaltyProgram01","label":"Loyalty Program 01"},{"value":"LoyaltyProgram02","label":"Loyalty Program 02"},{"value":"LoyaltyProgram03","label":"Loyalty Program 03"},{"value":"LoyaltyProgram04","label":"Loyalty Program 04"},{"value":"Payment01","label":"Payment 01"},{"value":"Payment02","label":"Payment 02"},{"value":"Payment03","label":"Payment 03"},{"value":"Payment04","label":"Payment 04"},{"value":"Safe&Secure01","label":"Safe & Secure 01"},{"value":"Safe&Secure02","label":"Safe & Secure 02"},{"value":"Safe&Secure03","label":"Safe & Secure 03"},{"value":"Safe&Secure04","label":"Safe & Secure 04"},{"value":"Shipping01","label":"Shipping 01"},{"value":"Shipping02","label":"Shipping 02"},{"value":"Shipping03","label":"Shipping 03"},{"value":"Shipping04","label":"Shipping 04"},{"value":"Support01","label":"Support 01"},{"value":"Support02","label":"Support 02"},{"value":"Support03","label":"Support 03"},{"value":"Support04","label":"Support 04"},{"value":"Wholesale&Discounts01","label":"Wholesale & Discounts 01"},{"value":"Wholesale&Discounts02","label":"Wholesale & Discounts 02"},{"value":"Wholesale&Discounts03","label":"Wholesale & Discounts 03"},{"value":"Wholesale&Discounts04","label":"Wholesale & Discounts 04"}]},{"type":"paragraph","content":"---------------OR---------------"},{"type":"text","label":"Custom icon image name (Please refer to theme guideline)","id":"UspImageThird","force_reload":true},{"type":"text","label":"USP Title","id":"UspTitleThird","force_reload":true},{"type":"text","label":"USP Subtext","id":"UspTextThird","force_reload":true},{"type":"heading","content":"USP Block Fourth"},{"type":"paragraph","content":"* If you are select custom icon options, then you need to add icon name in below field"},{"type":"select","label":"Select Ready-made Icon","id":"selected-icon4","force_reload":true,"options":[{"value":"SelectOne","label":"Select One"},{"value":"EasyReturn01","label":"Easy Return 01"},{"value":"EasyReturn02","label":"Easy Return 02"},{"value":"EasyReturn03","label":"Easy Return 03"},{"value":"EasyReturn04","label":"Easy Return 04"},{"value":"Exchange01","label":"Exchange 01"},{"value":"Exchange02","label":"Exchange 02"},{"value":"Exchange03","label":"Exchange 03"},{"value":"Exchange04","label":"Exchange 04"},{"value":"Guranteed01","label":"Guranteed 01"},{"value":"Guranteed02","label":"Guranteed 02"},{"value":"Guranteed03","label":"Guranteed 03"},{"value":"Guranteed04","label":"Guranteed 04"},{"value":"LoyaltyProgram01","label":"Loyalty Program 01"},{"value":"LoyaltyProgram02","label":"Loyalty Program 02"},{"value":"LoyaltyProgram03","label":"Loyalty Program 03"},{"value":"LoyaltyProgram04","label":"Loyalty Program 04"},{"value":"Payment01","label":"Payment 01"},{"value":"Payment02","label":"Payment 02"},{"value":"Payment03","label":"Payment 03"},{"value":"Payment04","label":"Payment 04"},{"value":"Safe&Secure01","label":"Safe & Secure 01"},{"value":"Safe&Secure02","label":"Safe & Secure 02"},{"value":"Safe&Secure03","label":"Safe & Secure 03"},{"value":"Safe&Secure04","label":"Safe & Secure 04"},{"value":"Shipping01","label":"Shipping 01"},{"value":"Shipping02","label":"Shipping 02"},{"value":"Shipping03","label":"Shipping 03"},{"value":"Shipping04","label":"Shipping 04"},{"value":"Support01","label":"Support 01"},{"value":"Support02","label":"Support 02"},{"value":"Support03","label":"Support 03"},{"value":"Support04","label":"Support 04"},{"value":"Wholesale&Discounts01","label":"Wholesale & Discounts 01"},{"value":"Wholesale&Discounts02","label":"Wholesale & Discounts 02"},{"value":"Wholesale&Discounts03","label":"Wholesale & Discounts 03"},{"value":"Wholesale&Discounts04","label":"Wholesale & Discounts 04"}]},{"type":"paragraph","content":"---------------OR---------------"},{"type":"text","label":"Custom icon image name (Please refer to theme guideline)","id":"UspImageFour","force_reload":true},{"type":"text","label":"USP Title","id":"UspTitleFour","force_reload":true},{"type":"text","label":"USP Subtext","id":"UspTextFour","force_reload":true}]},{"name":"Products","settings":[{"type":"heading","content":"Product sale badges"},{"type":"select","label":"Show product sale badges","id":"product_sale_badges","force_reload":true,"options":[{"value":"none","label":"None"},{"value":"topleft","label":"Top Left"},{"value":"sash","label":"Diagonal"},{"value":"burst","label":"Burst"}]},{"type":"text","label":"Product price label (sale)","force_reload":true,"id":"pdp-sale-price-label","reference":"product_sale_badges","reference_default":"none"},{"type":"text","label":"Product price label (before sale)","force_reload":true,"id":"pdp-non-sale-price-label","reference":"product_sale_badges","reference_default":"none"},{"type":"text","label":"Product price label (retail)","force_reload":true,"id":"pdp-retail-price-label","reference":"product_sale_badges","reference_default":"none"},{"type":"text","label":"Product price label","force_reload":true,"id":"pdp-price-label","reference":"product_sale_badges","reference_default":"none"},{"type":"paragraph","content":"* the 'Product price label' is displayed when there is not a sale price.","reference":"product_sale_badges","reference_default":"none"},{"type":"color","label":"Badge text color","id":"color_text_product_sale_badges","reference":"product_sale_badges","reference_default":"none"},{"type":"color","label":"Badge color","id":"color_badge_product_sale_badges","reference":"product_sale_badges","reference_default":"none"},{"type":"paragraph","content":"*For texture swatches, max dimensions are 150x150.","reference":"product_sale_badges","reference_default":"none"},{"type":"heading","content":"Display settings"},{"type":"checkbox","label":"Show quickview button on product cards","force_reload":true,"id":"show_product_quick_view"},{"type":"checkbox","label":"Show compare button","force_reload":true,"id":"EnableProductCompare"},{"type":"checkbox","label":"Show quantity selection on product pages","force_reload":true,"id":"show_product_quantity_box"},{"type":"checkbox","label":"Show product weight","force_reload":true,"id":"show_product_weight"},{"type":"checkbox","label":"Show product dimensions","force_reload":true,"id":"show_product_dimensions"},{"type":"checkbox","label":"Show \"Shop by Price\" in filters","force_reload":true,"id":"shop_by_price_visibility"},{"type":"checkbox","label":"Show product reviews","force_reload":true,"id":"show_product_reviews_tabs"},{"type":"select","label":"Number of product reviews","id":"productpage_reviews_count","reference":"show_product_reviews_tabs","reference_default":false,"force_reload":true,"options":[{"value":1,"label":"1"},{"value":2,"label":"2"},{"value":3,"label":"3"},{"value":4,"label":"4"},{"value":5,"label":"5"},{"value":6,"label":"6"},{"value":7,"label":"7"},{"value":8,"label":"8"},{"value":9,"label":"9"},{"value":10,"label":"10"},{"value":11,"label":"11"},{"value":12,"label":"12"}]},{"type":"heading","content":"Number of products displayed"},{"type":"select","label":"Category page","id":"categorypage_products_per_page","force_reload":true,"options":[{"value":6,"label":"6"},{"value":8,"label":"8"},{"value":9,"label":"9"},{"value":12,"label":"12"},{"value":15,"label":"15"},{"value":16,"label":"16"},{"value":18,"label":"18"},{"value":20,"label":"20"}]},{"type":"select","label":"Brand page","id":"brandpage_products_per_page","force_reload":true,"options":[{"value":6,"label":"6"},{"value":8,"label":"8"},{"value":9,"label":"9"},{"value":12,"label":"12"},{"value":15,"label":"15"},{"value":16,"label":"16"},{"value":18,"label":"18"},{"value":20,"label":"20"}]},{"type":"select","label":"Search result page","id":"searchpage_products_per_page","force_reload":true,"options":[{"value":6,"label":"6"},{"value":8,"label":"8"},{"value":9,"label":"9"},{"value":12,"label":"12"},{"value":15,"label":"15"},{"value":16,"label":"16"},{"value":18,"label":"18"},{"value":20,"label":"20"}]},{"type":"select","label":"Product page (related products)","id":"productpage_related_products_count","force_reload":true,"options":[{"value":0,"label":"Disable"},{"value":1,"label":"1"},{"value":2,"label":"2"},{"value":3,"label":"3"},{"value":4,"label":"4"},{"value":5,"label":"5"},{"value":6,"label":"6"},{"value":7,"label":"7"},{"value":8,"label":"8"},{"value":9,"label":"9"},{"value":10,"label":"10"},{"value":11,"label":"11"},{"value":12,"label":"12"}]},{"type":"select","label":"Product page (customers also viewed products)","id":"productpage_similar_by_views_count","force_reload":true,"options":[{"value":0,"label":"Disable"},{"value":1,"label":"1"},{"value":2,"label":"2"},{"value":3,"label":"3"},{"value":4,"label":"4"},{"value":5,"label":"5"},{"value":6,"label":"6"},{"value":7,"label":"7"},{"value":8,"label":"8"},{"value":9,"label":"9"},{"value":10,"label":"10"},{"value":11,"label":"11"},{"value":12,"label":"12"}]},{"type":"heading","content":"Product cards"},{"type":"color","label":"Product header text color","id":"card-title-color"},{"type":"color","label":"Product header text hover color","id":"card-title-color-hover"},{"type":"heading","content":"Product cards (quick search)"},{"type":"color","label":"Background color","id":"card--alternate-backgroundColor"},{"type":"color","label":"Border color","id":"card--alternate-borderColor"},{"type":"color","label":"Text hover color","id":"card--alternate-color--hover"},{"type":"heading","content":"Image sizes"},{"type":"paragraph","content":"Please specify a maximum image size for desktop display. We'll automatically scale down the image for smaller devices."},{"type":"imageDimension","label":"Main product images","id":"product_size","force_reload":true,"options":[{"value":"558x558","label":"Optimized for theme"},{"value":"custom","label":"Specify dimensions"}]},{"type":"imageDimension","label":"Thumbnail image in product page","id":"productview_thumb_size","force_reload":true,"options":[{"value":"90x90","label":"Optimized for theme"},{"value":"custom","label":"Specify dimensions"}]},{"type":"imageDimension","label":"Thumbnail image in cart and other pages","id":"productthumb_size","force_reload":true,"options":[{"value":"100x100","label":"Optimized for theme"},{"value":"custom","label":"Specify dimensions"}]},{"type":"imageDimension","label":"Zoomed image","id":"zoom_size","force_reload":true,"options":[{"value":"1280x1280","label":"Optimized for theme"},{"value":"custom","label":"Specify dimensions"}]},{"type":"imageDimension","label":"Image in gallery view","id":"productgallery_size","force_reload":true,"options":[{"value":"337x337","label":"Optimized for theme"},{"value":"custom","label":"Specify dimensions"}]},{"type":"imageDimension","label":"Brand image in gallery view","id":"brand_size","force_reload":true,"options":[{"value":"271x271","label":"Optimized for theme"},{"value":"custom","label":"Specify dimensions"}]},{"label":"Product swatch images","type":"imageDimension","id":"swatch_option_size","force_reload":true,"options":[{"value":"34x34","label":"Standard"},{"value":"custom","label":"Specify dimensions"}]}]},{"name":"Buttons & Icons","settings":[{"type":"heading","content":"Tertiary action button"},{"type":"color","label":"Button background","id":"select-bg-color"},{"type":"color","label":"Button arrow icon","id":"select-arrow-color"},{"type":"heading","content":"Disabled button"},{"type":"color","label":"Button text color","id":"button--disabled-color"},{"type":"color","label":"Button background","id":"button--disabled-backgroundColor"},{"type":"color","label":"Button border","id":"button--disabled-borderColor"},{"type":"heading","content":"Icons"},{"type":"color","label":"Social media icon","id":"icon-color"},{"type":"color","label":"Social media icon hover","id":"icon-color-hover"},{"type":"color","label":"Star review icon (full)","id":"icon-ratingFull"},{"type":"color","label":"Star review icon (empty)","id":"icon-ratingEmpty"},{"type":"color","label":"Increase/decrease button icon","id":"button--icon-svg-color"},{"type":"heading","content":"Checkboxes and radio buttons"},{"type":"color","label":"Checkbox and radio icon","id":"checkRadio-color"},{"type":"color","label":"Button background","id":"checkRadio-backgroundColor"},{"type":"color","label":"Button border","id":"checkRadio-borderColor"}]},{"name":"Checkout Page","enable":"ucoEnabled","settings":[{"type":"heading","content":"Header"},{"type":"checkbox","label":"Use background image","id":"optimizedCheckout-show-backgroundImage"},{"type":"optimizedCheckout-image","label":"1000 x 400px recommended","reference":"optimizedCheckout-show-backgroundImage","reference_default":false,"id":"optimizedCheckout-backgroundImage"},{"type":"imageDimension","description":"Please specify a maximum image size for desktop display. We'll automatically scale down the image for smaller devices.","label":"Header image size","reference":"optimizedCheckout-backgroundImage","reference_default":"","id":"optimizedCheckout-backgroundImage-size","options":[{"value":"1000x400","label":"Optimized for theme"},{"value":"custom","label":"Specify dimensions"}]},{"type":"color","label":"Background color","id":"optimizedCheckout-header-backgroundColor"},{"type":"color","label":"Header text color","id":"optimizedCheckout-header-textColor"},{"type":"color","label":"Header border","id":"optimizedCheckout-header-borderColor"},{"type":"heading","content":"Logo"},{"type":"select","label":"Logo type","id":"optimizedCheckout-show-logo","options":[{"value":"none","label":"Text"},{"value":"custom","label":"Image"}]},{"type":"optimizedCheckout-image","label":"250 x 100px recommended","reference":"optimizedCheckout-show-logo","reference_default":"none","force_reload":true,"id":"optimizedCheckout-logo"},{"type":"imageDimension","description":"Please specify a maximum image size for desktop display. We'll automatically scale down the image for smaller devices.","label":"","reference":"optimizedCheckout-logo","reference_default":"","id":"optimizedCheckout-logo-size","force_reload":true,"options":[{"value":"250x100","label":"Optimized for theme"},{"value":"custom","label":"Specify dimensions"}]},{"type":"select","label":"Logo position","id":"optimizedCheckout-logo-position","options":[{"value":"left","label":"Left"},{"value":"center","label":"Center"},{"value":"right","label":"Right"}]},{"type":"heading","content":"Discount banner"},{"type":"color","label":"Banner background","id":"optimizedCheckout-discountBanner-backgroundColor"},{"type":"color","label":"Banner text color","id":"optimizedCheckout-discountBanner-textColor"},{"type":"color","label":"Banner icon","id":"optimizedCheckout-discountBanner-iconColor"},{"type":"heading","content":"Order summary box"},{"type":"color","label":"Box background","id":"optimizedCheckout-orderSummary-backgroundColor"},{"type":"color","label":"Box border","id":"optimizedCheckout-orderSummary-borderColor"},{"type":"heading","content":"Checkout steps"},{"type":"color","label":"Icon background","id":"optimizedCheckout-step-backgroundColor"},{"type":"color","label":"Icon border","id":"optimizedCheckout-step-borderColor"},{"type":"color","label":"Icon text color","id":"optimizedCheckout-step-textColor"},{"type":"heading","content":"Headings"},{"type":"font","label":"Heading 1 font family","id":"optimizedCheckout-headingPrimary-font","options":[{"group":"Open Sans","label":"Open Sans","value":"Google_Open+Sans_400"},{"group":"Open Sans","label":"Open Sans Bold","value":"Google_Open+Sans_700"},{"group":"Montserrat","label":"Montserrat","value":"Google_Montserrat_400"},{"group":"Karla","label":"Karla","value":"Google_Karla_400"},{"group":"Roboto","label":"Roboto","value":"Google_Roboto_400"},{"group":"Source Sans Pro","label":"Source Sans Pro","value":"Google_Source+Sans+Pro_400"},{"group":"Volkhov","label":"Volkhov","value":"Google_Volkhov_400"}]},{"type":"color","label":"Heading 1 text color","id":"optimizedCheckout-headingPrimary-color"},{"type":"font","label":"Heading 2 font family","id":"optimizedCheckout-headingSecondary-font","options":[{"group":"Open Sans","label":"Open Sans","value":"Google_Open+Sans_400"},{"group":"Open Sans","label":"Open Sans Bold","value":"Google_Open+Sans_700"},{"group":"Montserrat","label":"Montserrat","value":"Google_Montserrat_400"},{"group":"Karla","label":"Karla","value":"Google_Karla_400"},{"group":"Roboto","label":"Roboto","value":"Google_Roboto_400"},{"group":"Source Sans Pro","label":"Source Sans Pro","value":"Google_Source+Sans+Pro_400"},{"group":"Volkhov","label":"Volkhov","value":"Google_Volkhov_400"}]},{"type":"color","label":"Heading 2 text color","id":"optimizedCheckout-headingSecondary-color"},{"type":"heading","content":"Body"},{"type":"color","label":"Page background","id":"optimizedCheckout-body-backgroundColor"},{"type":"color","label":"Focus color","id":"optimizedCheckout-colorFocus"},{"type":"heading","content":"Body text and links"},{"type":"font","label":"Body text font family","id":"optimizedCheckout-contentPrimary-font","options":[{"group":"Open Sans","label":"Open Sans","value":"Google_Open+Sans_400"},{"group":"Open Sans","label":"Open Sans Bold","value":"Google_Open+Sans_700"},{"group":"Montserrat","label":"Montserrat","value":"Google_Montserrat_400"},{"group":"Karla","label":"Karla","value":"Google_Karla_400"},{"group":"Roboto","label":"Roboto","value":"Google_Roboto_400"},{"group":"Source Sans Pro","label":"Source Sans Pro","value":"Google_Source+Sans+Pro_400"},{"group":"Volkhov","label":"Volkhov","value":"Google_Volkhov_400"}]},{"type":"color","label":"Body text color","id":"optimizedCheckout-contentPrimary-color"},{"type":"font","label":"Secondary text font family","id":"optimizedCheckout-contentSecondary-font","options":[{"group":"Open Sans","label":"Open Sans","value":"Google_Open+Sans_400"},{"group":"Open Sans","label":"Open Sans Bold","value":"Google_Open+Sans_700"},{"group":"Montserrat","label":"Montserrat","value":"Google_Montserrat_400"},{"group":"Karla","label":"Karla","value":"Google_Karla_400"},{"group":"Roboto","label":"Roboto","value":"Google_Roboto_400"},{"group":"Source Sans Pro","label":"Source Sans Pro","value":"Google_Source+Sans+Pro_400"},{"group":"Volkhov","label":"Volkhov","value":"Google_Volkhov_400"}]},{"type":"color","label":"Secondary text color","id":"optimizedCheckout-contentSecondary-color"},{"type":"font","label":"Link font family","id":"optimizedCheckout-link-font","options":[{"group":"Open Sans","label":"Open Sans","value":"Google_Open+Sans_400"},{"group":"Open Sans","label":"Open Sans Bold","value":"Google_Open+Sans_700"},{"group":"Montserrat","label":"Montserrat","value":"Google_Montserrat_400"},{"group":"Karla","label":"Karla","value":"Google_Karla_400"},{"group":"Roboto","label":"Roboto","value":"Google_Roboto_400"},{"group":"Source Sans Pro","label":"Source Sans Pro","value":"Google_Source+Sans+Pro_400"},{"group":"Volkhov","label":"Volkhov","value":"Google_Volkhov_400"}]},{"type":"color","label":"Link color","id":"optimizedCheckout-link-color"},{"type":"color","label":"Link hover color","id":"optimizedCheckout-link-hoverColor"},{"type":"heading","content":"Primary action button"},{"type":"font","label":"Button text font family","id":"optimizedCheckout-buttonPrimary-font","options":[{"group":"Open Sans","label":"Open Sans","value":"Google_Open+Sans_400"},{"group":"Open Sans","label":"Open Sans Bold","value":"Google_Open+Sans_700"},{"group":"Montserrat","label":"Montserrat","value":"Google_Montserrat_400"},{"group":"Karla","label":"Karla","value":"Google_Karla_400"},{"group":"Roboto","label":"Roboto","value":"Google_Roboto_400"},{"group":"Source Sans Pro","label":"Source Sans Pro","value":"Google_Source+Sans+Pro_400"},{"group":"Volkhov","label":"Volkhov","value":"Google_Volkhov_400"}]},{"type":"color","label":"Button text color","id":"optimizedCheckout-buttonPrimary-color"},{"type":"color","label":"Button text hover color","id":"optimizedCheckout-buttonPrimary-colorHover"},{"type":"color","label":"Button text active color","id":"optimizedCheckout-buttonPrimary-colorActive"},{"type":"color","label":"Button text disabled color","id":"optimizedCheckout-buttonPrimary-colorDisabled"},{"type":"color","label":"Button background","id":"optimizedCheckout-buttonPrimary-backgroundColor"},{"type":"color","label":"Button background hover","id":"optimizedCheckout-buttonPrimary-backgroundColorHover"},{"type":"color","label":"Button background active","id":"optimizedCheckout-buttonPrimary-backgroundColorActive"},{"type":"color","label":"Button background disabled","id":"optimizedCheckout-buttonPrimary-backgroundColorDisabled"},{"type":"color","label":"Button border","id":"optimizedCheckout-buttonPrimary-borderColor"},{"type":"color","label":"Button border hover","id":"optimizedCheckout-buttonPrimary-borderColorHover"},{"type":"color","label":"Button border active","id":"optimizedCheckout-buttonPrimary-borderColorActive"},{"type":"color","label":"Button border disabled","id":"optimizedCheckout-buttonPrimary-borderColorDisabled"},{"type":"heading","content":"Secondary action button"},{"type":"font","label":"Button text font family","id":"optimizedCheckout-buttonSecondary-font","options":[{"group":"Open Sans","label":"Open Sans","value":"Google_Open+Sans_400"},{"group":"Open Sans","label":"Open Sans Bold","value":"Google_Open+Sans_700"},{"group":"Montserrat","label":"Montserrat","value":"Google_Montserrat_400"},{"group":"Karla","label":"Karla","value":"Google_Karla_400"},{"group":"Roboto","label":"Roboto","value":"Google_Roboto_400"},{"group":"Source Sans Pro","label":"Source Sans Pro","value":"Google_Source+Sans+Pro_400"},{"group":"Volkhov","label":"Volkhov","value":"Google_Volkhov_400"}]},{"type":"color","label":"Button text color","id":"optimizedCheckout-buttonSecondary-color"},{"type":"color","label":"Button text hover color","id":"optimizedCheckout-buttonSecondary-colorHover"},{"type":"color","label":"Button text active color","id":"optimizedCheckout-buttonSecondary-colorActive"},{"type":"color","label":"Button background","id":"optimizedCheckout-buttonSecondary-backgroundColor"},{"type":"color","label":"Button background hover","id":"optimizedCheckout-buttonSecondary-backgroundColorHover"},{"type":"color","label":"Button background active","id":"optimizedCheckout-buttonSecondary-backgroundColorActive"},{"type":"color","label":"Button border","id":"optimizedCheckout-buttonSecondary-borderColor"},{"type":"color","label":"Button border hover","id":"optimizedCheckout-buttonSecondary-borderColorHover"},{"type":"color","label":"Button border active","id":"optimizedCheckout-buttonSecondary-borderColorActive"},{"type":"heading","content":"Form input fields"},{"type":"color","label":"Label text color","id":"optimizedCheckout-form-textColor"},{"type":"color","label":"Field text color","id":"optimizedCheckout-formField-textColor"},{"type":"color","label":"Field placeholder text color","id":"optimizedCheckout-formField-placeholderColor"},{"type":"color","label":"Field error text color","id":"optimizedCheckout-formField-errorColor"},{"type":"color","label":"Field background","id":"optimizedCheckout-formField-backgroundColor"},{"type":"color","label":"Field inner shadow","id":"optimizedCheckout-formField-shadowColor"},{"type":"color","label":"Field border","id":"optimizedCheckout-formField-borderColor"},{"type":"color","label":"Checkbox button background","id":"optimizedCheckout-formField-inputControlColor"},{"type":"heading","content":"Form checklist"},{"type":"color","label":"Background color","id":"optimizedCheckout-formChecklist-backgroundColor"},{"type":"color","label":"Form background","id":"optimizedCheckout-formChecklist-backgroundColorSelected"},{"type":"color","label":"Form header text color","id":"optimizedCheckout-formChecklist-color"},{"type":"color","label":"Form border color","id":"optimizedCheckout-formChecklist-borderColor"},{"type":"heading","content":"Loading toaster"},{"type":"color","label":"Toaster background","id":"optimizedCheckout-loadingToaster-backgroundColor"},{"type":"color","label":"Toaster text color","id":"optimizedCheckout-loadingToaster-textColor"}]},{"name":"Payment Buttons","enable":"smartButtons","settings":[{"type":"checkbox","label":"Show PayPal tagline","force_reload":true,"id":"paymentbuttons-paypal-tagline"},{"type":"checkbox","label":"Show funding icons","force_reload":true,"id":"paymentbuttons-paypal-fundingicons"},{"type":"select","label":"Button color","id":"paymentbuttons-paypal-color","force_reload":true,"options":[{"value":"gold","label":"Gold"},{"value":"blue","label":"Blue"},{"value":"silver","label":"Silver"},{"value":"black","label":"Black"}]},{"type":"select","label":"Button shape","id":"paymentbuttons-paypal-shape","force_reload":true,"options":[{"value":"pill","label":"Pill"},{"value":"rect","label":"Rectangle"}]},{"type":"select","label":"Button size","id":"paymentbuttons-paypal-size","force_reload":true,"options":[{"value":"small","label":"Small"},{"value":"medium","label":"Medium"},{"value":"large","label":"Large"},{"value":"responsive","label":"Responsive"}]},{"type":"select","label":"Button content","id":"paymentbuttons-paypal-label","force_reload":true,"options":[{"value":"checkout","label":"PayPal Checkout"},{"value":"pay","label":"Pay with PayPal"},{"value":"buynow","label":"Buy Now"},{"value":"paypal","label":"PayPal"}]},{"type":"select","label":"Display style","id":"paymentbuttons-paypal-layout","force_reload":true,"options":[{"value":"horizontal","label":"Show buttons horizontally"},{"value":"vertical","label":"Show buttons vertically"}]}]}]