{"pages/cart":"---\ncart: true\n---\n{{#partial \"page\"}}\n<div class=\"page\">\n\n    <main class=\"page-content\" data-cart>\n        {{> components/common/breadcrumbs breadcrumbs=breadcrumbs}}\n\n        {{> components/cart/page-title}}\n\n        <div data-cart-status>\n            {{> components/cart/status-messages}}\n        </div>\n\n        {{#if cart.items.length}}\n            <div class=\"loadingOverlay\"></div>\n\n            <div data-cart-content>\n                {{> components/cart/content}}\n            </div>\n\n            <div data-cart-totals>\n                {{> components/cart/totals}}\n            </div>\n\n            {{#if cart.show_primary_checkout_button}}\n                <div class=\"cart-actions\">\n                    <a class=\"button button--primary\" href=\"{{urls.checkout.single_address}}\" title=\"{{lang 'cart.checkout.title'}}\">{{lang 'cart.checkout.button'}}</a>\n                    {{#if cart.show_multiple_address_shipping}}\n                        <a class=\"checkoutMultiple\" href=\"{{urls.checkout.multiple_address}}\">\n                            {{lang 'cart.preview.checkout_multiple'}}\n                        </a>\n                    {{/if}}\n                </div>\n            {{else}}\n                <div class=\"cart-actions\">\n                    <a class=\"button\" href=\"{{urls.home}}\" title=\"{{lang 'cart.continue_shopping'}}\">{{lang 'cart.continue_shopping'}}</a>\n                </div>\n            {{/if}}\n\n            {{#if cart.additional_checkout_buttons}}\n                <div class=\"cart-additionalCheckoutButtons clearfix\">\n                    {{#each cart.additional_checkout_buttons}}\n                        {{{this}}}\n                    {{/each}}\n                </div>\n            {{/if}}\n        {{else}}\n            <h3>{{lang 'cart.checkout.empty_cart'}}</h3>\n        {{/if}}\n    </main>\n</div>\n{{/partial}}\n{{> layout/base}}\n","components/common/breadcrumbs":"<ul class=\"breadcrumbs\" itemscope itemtype=\"http://schema.org/BreadcrumbList\">\n    {{#unless theme_settings.hide_breadcrumbs }}\n        {{#each breadcrumbs}}\n            <li class=\"breadcrumb {{#if @last}}is-active{{/if}}\" itemprop=\"itemListElement\" itemscope itemtype=\"http://schema.org/ListItem\">\n                {{#or @last (if url \"==\" null)}}\n                    <meta itemprop=\"item\" content=\"{{url}}\">\n                    <span class=\"breadcrumb-label\" itemprop=\"name\">{{name}}</span>\n                {{else}}\n                    <a href=\"{{url}}\" class=\"breadcrumb-label\" itemprop=\"item\"><span itemprop=\"name\">{{name}}</span></a>\n                {{/or}}\n                <meta itemprop=\"position\" content=\"{{add @index 1}}\" />\n            </li>\n        {{/each}}\n    {{/unless}}\n</ul>\n","components/cart/page-title":"<h1 class=\"page-heading\" data-cart-page-title>\n    {{lang 'cart.label' quantity=cart.quantity}}\n</h1>\n","components/cart/status-messages":"{{#each cart.status_messages}}\n    {{> components/common/alert-info message}}\n{{/each}}\n","components/cart/content":"<table class=\"cart\" data-cart-quantity=\"{{cart.quantity}}\">\n    <thead class=\"cart-header\">\n        <tr>\n            <th class=\"cart-header-item\" colspan=\"2\">{{lang 'cart.checkout.item'}}</th>\n            <th class=\"cart-header-item\">{{lang 'cart.checkout.price'}}</th>\n            <th class=\"cart-header-item cart-header-quantity\">{{lang 'cart.checkout.quantity'}}</th>\n            <th class=\"cart-header-item\">{{lang 'cart.checkout.total'}}</th>\n        </tr>\n    </thead>\n    <tbody class=\"cart-list\">\n        {{#each cart.items}}\n            <tr class=\"cart-item\" data-item-row>\n                <td class=\"cart-item-block cart-item-figure\">\n                    {{#if type '==' 'GiftCertificate'}}\n                        <img class=\"cart-item-fixed-image\" src=\"{{cdn ../../theme_settings.default_image_gift_certificate}}\" alt=\"GiftCertificate\" title=\"GiftCertificate\">\n                    {{else}}\n                        {{> components/common/responsive-img\n                            image=image\n                            class=\"cart-item-image-1\"\n                            fallback_size=../../theme_settings.productthumb_size\n                            lazyload='disabled'\n                            default_image=../../theme_settings.default_image_product\n                        }}                        \n                    {{/if}}\n                </td>\n                <td class=\"cart-item-block cart-item-title\">\n                    {{#if brand.name}}\n                        <p class=\"cart-item-brand\">{{brand.name}}</p>\n                    {{/if}}\n                    <h4 class=\"cart-item-name\"><a href=\"{{url}}\">{{name}}</a></h4>\n                    {{#if release_date}}\n                        <p>({{release_date}})</p>\n                    {{/if}}\n\n                    {{#if options}}\n                        <dl class=\"definitionList\">\n                            {{#each options}}\n                                <dt class=\"definitionList-key\">{{name}}:</dt>\n                                <dd class=\"definitionList-value\">\n                                    {{#if is_file}}\n                                        <a href=\"/viewfile.php?attributeId={{../id}}&cartitem={{../../id}}\">{{value}}</a>\n                                    {{else}}\n                                        {{value}}\n                                    {{/if}}\n                                </dd>\n                            {{/each}}\n                        </dl>\n\n                        <a href=\"#\" data-item-edit=\"{{id}}\">{{lang 'cart.checkout.change'}}</a>\n                    {{/if}}\n\n                    {{#if type '==' 'GiftCertificate'}}\n                        <a href=\"{{edit_url}}\">{{lang 'cart.checkout.change'}}</a>\n                    {{/if}}\n                    {{> components/cart/item-giftwrap this}}\n                    {{#if event_date}}\n                        <dl class=\"cart-item-options\">\n                            <dt class=\"cart-item-option-title\">\n                                {{event_date.name}}\n                            </dt>\n\n                            <dd class=\"cart-item-option-description\">\n                                {{event_date.date}}\n                            </dd>\n                        </dl>\n                    {{/if}}\n\n                </td>\n                <td class=\"cart-item-block cart-item-info\">\n                    <span class=\"cart-item-label\">{{lang 'cart.checkout.price'}}</span>\n                    {{#or ../customer (if ../theme_settings.restrict_to_login '!==' true)}}\n                        <span class=\"cart-item-value {{#if price_discounted}}price--discounted{{/if}}\">{{price.formatted}}</span>\n                        {{#if price_discounted}}\n                            <span class=\"cart-item-value\">{{price_discounted.formatted}}</span>\n                        {{/if}}\n                    {{else}}\n                        {{> components/common/login-for-pricing}}\n                    {{/or}}\n                </td>\n\n                <td class=\"cart-item-block cart-item-info cart-item-quantity\">\n\n                    <label class=\"form-label cart-item-label\" for=\"qty-{{id}}\">{{lang 'products.quantity'}}</label>\n                    <div class=\"form-increment\">\n                        <input class=\"form-input form-input--incrementTotal cart-item-qty-input\"\n                               id=\"qty-{{id}}\"\n                               name=\"qty-{{id}}\"\n                               type=\"tel\"\n                               value=\"{{quantity}}\"\n                               data-quantity-min=\"{{min_purchase_quantity}}\"\n                               data-quantity-max=\"{{max_purchase_quantity}}\"\n                               data-quantity-min-error=\"{{lang 'products.quantity_min' quantity=min_purchase_quantity}}\"\n                               data-quantity-max-error=\"{{lang 'products.quantity_max' quantity=max_purchase_quantity}}\"\n                               min=\"1\"\n                               pattern=\"[0-9]*\"\n                               data-cart-itemid=\"{{id}}\"\n                               data-action=\"manualQtyChange\"\n                               aria-live=\"polite\"{{#unless can_modify}} disabled{{/unless}}>\n                        {{#if can_modify}}\n                            <button class=\"button button--icon\" data-cart-update data-cart-itemid=\"{{id}}\" data-action=\"inc\">\n                                <span class=\"is-srOnly\">{{lang 'products.quantity_increase'}}</span>\n                                <i class=\"icon\" aria-hidden=\"true\"><svg><use xlink:href=\"#icon-keyboard-arrow-up\" /></svg></i>\n                            </button>\n                        {{/if}}\n                        {{#if can_modify}}\n                            <button class=\"button button--icon\" data-cart-update data-cart-itemid=\"{{id}}\" data-action=\"dec\">\n                                <span class=\"is-srOnly\">{{lang 'products.quantity_decrease'}}</span>\n                                <i class=\"icon\" aria-hidden=\"true\"><svg><use xlink:href=\"#icon-keyboard-arrow-down\" /></svg></i>\n                            </button>\n                        {{/if}}\n                    </div>\n\n                </td>\n\n                <td class=\"cart-item-block cart-item-info\">\n                    <span class=\"cart-item-label\">{{lang 'cart.checkout.total'}}</span>\n                    {{#or ../customer (if ../theme_settings.restrict_to_login '!==' true)}}\n                        <strong class=\"cart-item-value {{#if total_discounted}}price--discounted{{/if}}\">{{total.formatted}}</strong>\n                        {{#if total_discounted}}\n                            <strong class=\"cart-item-value\">{{total_discounted.formatted}}</strong>\n                        {{/if}}\n                    {{else}}\n                        {{> components/common/login-for-pricing}}\n                    {{/or}}\n                    {{#if can_modify}}\n                        <a class=\"cart-remove icon\" data-cart-itemid=\"{{id}}\" href=\"#\" data-confirm-delete=\"{{lang 'cart.confirm_delete'}}\">\n                            <svg><use xlink:href=\"#icon-close\"></use></svg>\n                        </a>\n                    {{else}}\n                        {{#if type '==' 'GiftCertificate'}}\n                            <a class=\"cart-remove icon\" data-cart-itemid=\"{{id}}\" href=\"#\" data-confirm-delete=\"{{lang 'cart.confirm_delete'}}\">\n                                <svg><use xlink:href=\"#icon-close\"></use></svg>\n                            </a>\n                        {{/if}}\n                    {{/if}}\n                </td>\n            </tr>\n        {{/each}}\n    </tbody>\n</table>\n","components/cart/totals":"<ul class=\"cart-totals\">\n    <li class=\"cart-total\">\n        <div class=\"cart-total-label\">\n            <strong>{{lang 'cart.checkout.subtotal'}}:</strong>\n        </div>\n        <div class=\"cart-total-value\">\n            {{#or customer (if theme_settings.restrict_to_login '!==' true)}}\n                <span>{{cart.sub_total.formatted}}</span>\n            {{else}}\n                {{> components/common/login-for-pricing}}\n            {{/or}}\n        </div>\n    </li>\n    {{#if cart.gift_wrapping_cost.amount}}\n        <li class=\"cart-total\">\n            <div class=\"cart-total-label\">\n                <strong>{{lang 'cart.checkout.gift_wrapping'}}:</strong>\n            </div>\n            <div class=\"cart-total-value\">\n                <span>{{cart.gift_wrapping_cost.formatted}}</span>\n            </div>\n        </li>\n    {{/if}}\n    {{#if cart.shipping_handling.show_estimator}}\n        <li class=\"cart-total\">\n            <div class=\"cart-total-label\">\n                <strong>{{lang 'cart.checkout.shipping'}}:</strong>\n            </div>\n            {{> components/cart/shipping-estimator cart.shipping_handling}}\n        </li>\n    {{/if}}\n    {{#each cart.taxes}}\n        <li class=\"cart-total\">\n            <div class=\"cart-total-label\">\n                <strong>{{name}}:</strong>\n            </div>\n            <div class=\"cart-total-value\">\n                <span>{{cost.formatted}}</span>\n            </div>\n        </li>\n    {{/each}}\n    {{#if cart.discount }}\n        <li class=\"cart-total\">\n            <div class=\"cart-total-label\">\n                <strong>{{lang 'cart.discount'}}:</strong>\n            </div>\n            <div class=\"cart-total-value\">\n                {{cart.discount.formatted}}\n            </div>\n        </li>\n    {{/if}}\n    {{#if cart.coupons}}\n        {{#each cart.coupons}}\n            <li class=\"cart-total\">\n                <div class=\"cart-total-label\">\n                    <strong>{{lang 'cart.coupons.code_label' code=code}}</strong>\n                    <div>\n                        <a href=\"{{remove_url}}\">{{lang 'cart.coupons.remove'}}</a>\n                    </div>\n                </div>\n                <div class=\"cart-total-value\">\n                    <span>{{discount.formatted}}</span>\n                </div>\n            </li>\n        {{/each}}\n    {{else}}\n        <li class=\"cart-total\">\n            <div class=\"cart-total-label\">\n                <strong>{{lang 'cart.coupon_code'}}:</strong>\n            </div>\n            {{> components/cart/coupon-input}}\n        </li>\n    {{/if}}\n    {{#if settings.gift_certificates_enabled}}\n        {{#each cart.gift_certificates}}\n            <li class=\"cart-total\">\n                <div class=\"cart-total-label\">\n                    <strong>{{lang 'cart.gift_certificates.code_label' code=code}}</strong>\n                    <span>\n                        {{remaining.formatted}} | <a href=\"{{remove_url}}\">{{lang 'cart.gift_certificates.remove'}}</a>\n                    </span>\n                </div>\n                <div class=\"cart-total-value\">\n                    {{used.formatted}}\n                </div>\n            </li>\n        {{/each}}\n        <li class=\"cart-total\">\n            <div class=\"cart-total-label\">\n                <strong>{{lang 'cart.gift_certificates.gift_certificate'}}:</strong>\n            </div>\n            {{> components/cart/gift-certificate-input}}\n        </li>\n    {{/if}}\n    <li class=\"cart-total\">\n        <div class=\"cart-total-label\">\n            <strong>{{lang 'cart.checkout.grand_total'}}:</strong>\n        </div>\n        <div class=\"cart-total-value cart-total-grandTotal\">\n            {{#or customer (if theme_settings.restrict_to_login '!==' true)}}\n                <span>{{cart.grand_total.formatted}}</span>\n            {{else}}\n                {{> components/common/login-for-pricing}}\n            {{/or}}\n        </div>\n    </li>\n</ul>\n","layout/base":"<!DOCTYPE html>\n<html class=\"no-js\" lang=\"{{ locale_name }}\">\n    <head>\n        <title>{{ head.title }}</title>\n        {{{ resourceHints }}}\n        {{{ head.meta_tags }}}\n        {{{ head.config }}}\n        {{#block \"head\"}} {{/block}}\n\n        <link href=\"{{ head.favicon }}\" rel=\"shortcut icon\">\n        <meta name=\"viewport\" content=\"width=device-width, initial-scale=1, maximum-scale=1\">\n\n        <script>\n            {{!-- Change document class from no-js to js so we can detect this in css --}}\n            document.documentElement.className = document.documentElement.className.replace('no-js', 'js');\n        </script>\n\n        {{!-- Load Lazysizes script ASAP so images will appear --}}\n        <script>\n            {{!-- Only load visible elements until the onload event fires, after which preload nearby elements. --}}\n            window.lazySizesConfig = window.lazySizesConfig || {};\n            window.lazySizesConfig.loadMode = 1;\n        </script>\n        <script async src=\"{{cdn 'assets/dist/theme-bundle.head_async.js'}}\"></script>\n\n        {{ getFontsCollection }}\n        {{{stylesheet '/assets/css/theme.css'}}}\n\n        {{{head.scripts}}}\n\n        {{~inject 'themeSettings' theme_settings}}\n        {{~inject 'genericError' (lang 'common.generic_error')}}\n        {{~inject 'maintenanceMode' settings.maintenance}}\n        {{~inject 'urls' urls}}\n        {{~inject 'secureBaseUrl' settings.secure_base_url}}\n        {{~inject 'cartId' cart_id}}\n        {{~inject 'template' template}}\n\n        {{inject 'compareRequireMessage' (lang 'compare.no_remove')}}\n        {{inject 'NoItemToCompare' (lang 'compare.no_item_compare')}}\n        {{inject 'CompareSuccessMessage' (lang 'compare.item_successfully_added')}}\n        {{inject 'CompareAlreadyAdded' (lang 'compare.item_already_added')}}\n        {{inject 'CompareLimitMessage' (lang 'compare.more_than_4item')}}\n        {{inject 'CompareNotFunction' (lang 'compare.not_functioning')}}\n        {{inject 'CompareRemoveMessage' (lang 'compare.item_successfully_removed')}}\n\n    </head>\n    <body class=\"type-{{page_type}}\">\n        <svg data-src=\"{{cdn 'img/icon-sprite.svg'}}\" class=\"icons-svg-sprite\"></svg>\n\n        {{~#and settings.privacy_cookie settings.is_eu_ip_address}}\n            {{> components/common/cookie}}\n        {{/and}}\n\n        {{> components/psdc-common/header }}\n        {{> components/common/body }}\n        {{> components/psdc-common/footer }}\n\n        <script>window.__webpack_public_path__ = \"{{cdn 'assets/dist/'}}\";</script>\n        <script src=\"https://apps.elfsight.com/p/platform.js\" defer></script>\n        <script src=\"{{cdn 'assets/dist/theme-bundle.main.js'}}\"></script>\n        <script>\n            {{!-- Exported in app.js --}}\n            window.stencilBootstrap(\"{{page_type}}\", {{jsContext}}).load();\n        </script>\n\n        {{{footer.scripts}}}\n    </body>\n</html>\n","components/common/alert-info":"<div class=\"alertBox alertBox--info\">\n    <div class=\"alertBox-column alertBox-icon\">\n        <icon glyph=\"ic-success\" class=\"icon\" aria-hidden=\"true\"><svg xmlns=\"http://www.w3.org/2000/svg\" width=\"24\" height=\"24\" viewBox=\"0 0 24 24\"><path d=\"M12 2C6.48 2 2 6.48 2 12s4.48 10 10 10 10-4.48 10-10S17.52 2 12 2zm1 15h-2v-2h2v2zm0-4h-2V7h2v6z\"></path></svg></icon>\n    </div>\n    <p class=\"alertBox-column alertBox-message\">\n        <span>{{{this}}}</span>\n    </p>\n</div>\n","components/common/responsive-img":"{{!--\n    This file implements the lazysizes srcset pattern (as seen on\n    https://github.com/aFarkas/lazysizes#modern-transparent-srcset-pattern) for maximum performance on modern browsers\n    and reasonable compatibility with legacy browsers.\n    \n    There are a few important arguments to know about when using this component:\n    `lazyload`:\n        - If set to 'lazyload+lqip', will load a low-res image which will be replaced by lazysizes - ensuring that SOME\n        content is shown immediately on page load. Without LQIP, a transparent gif will be used instead, which reduces\n        the number of requests needed to load the page, making it even faster.\n        - If set to 'lazyload', the browser will not load the full-size image at first, instead the lazysizes plugin will\n            load it progressively after page load. This improves the load speed of the page, but it should be disabled for\n            high-priority above-the-fold images.\n        - If set to 'disabled', will not attempt to lazyload the image and instead tell the browser to load it immediately.\n            Use this for high-priority images that are above the fold.\n    \n    `fallback_size`:\n        This is the size to use for this image in legacy browsers that do not support srcset.\n        Can be defined as a pixel bounding-box size (e.g. \"123x123) or inherent width (e.g. \"123w\").\n    \n    `class`:\n        The CSS classes to add to the image, e.g. \"card-image\". If lazyloading is enabled, all images will have the\n        \"lazyload\" class so that lazysizes will target them automatically.\n    \n    `otherAttributes`:\n        Any other HTML attributes you want on the img tag, for example \"height='100' width='100'\"\n    \n    `default_image`:\n        The default image to use if `image` is undefined or falsy. Should be a theme asset, usually defined as a relative\n        path in the theme config. If a default image is not provided, you'll get an image tag with no image if the primary\n        image is undefined.\n    \n    `lqip_size`:\n        If you want to specify a particular size for the LQIP image, you can do so with this argument. A default of 80\n        pixels wide will be used otherwise. This argument has no effect if the lazyload mode is not \"lazyload+lqip\".\n    \n    --}}\n    <img {{#if image}}{{!-- Get the default image for legacy browsers that do not support srcset\n    --}}src=\"{{getImageSrcset image 1x=(default fallback_size '160w')}}\" alt=\"{{image.alt}}\" title=\"{{image.alt}}\" {{!--\n      Allow lazysizes to generate the 'sizes' attribute automatically --}}data-sizes=\"auto\"\n      {{#unless lazyload '==' 'disabled'}}\n        {{#if lazyload '==' 'lazyload+lqip'}}\n        {{!-- If we want a LQIP, include it as the default srcset (will be overwritten by lazysizes) --}}\n        srcset=\"{{getImageSrcset image 1x=(default lqip_size '80w')}}\"\n        {{else}}\n          {{!-- If we don't want a LQIP, use a 1px transparent gif for the stand-in image\n                This requires no additional network request, so it's fast --}}\n        srcset=\"data:image/gif;base64,R0lGODlhAQABAIAAAP///wAAACH5BAEAAAAALAAAAAABAAEAAAICRAEAOw==\"\n        {{/if}}\n    {{/unless}}\n    {{!-- If lazyloading is disabled, just use \"srcset\". If it is not disabled, use \"data-srcset\" so lazysizes will use\n          this after page load --}}\n    {{!--\n    Generate the srcset string using the default sizes defined in the helper. This will allow the browser to\n    pick the best-sized image based on its own understanding of how it will render the page.\n    --}}\n    {{#unless lazyload '==' 'disabled'}}data-{{/unless}}srcset=\"{{getImageSrcset image use_default_sizes=true }}\"\n    {{else if default_image}}src=\"{{cdn default_image}}\"{{/if}}\n    class=\"{{#unless lazyload '==' 'disabled'}}lazyload{{/unless}}{{#if class}} {{class}}{{/if}}\"\n    {{#if lazyload '==' 'lazyload'}}loading=\"lazy\"{{/if}}\n    {{otherAttributes}} />\n","components/cart/item-giftwrap":"{{#if show_gift_wrapping}}\n    <dl class=\"cart-item-options cart-item-options--giftWrapping\">\n        <dt class=\"cart-item-option-title\">\n            {{lang 'cart.gift_wrapping.title'}}:\n        </dt>\n        {{#if gift_wrapping}}\n            <dd class=\"cart-item-option-description\">\n                {{gift_wrapping.name}}\n                <span class=\"cart-item-option-actions\">\n                    (<a href=\"\" data-item-giftwrap=\"{{id}}\">{{lang 'cart.gift_wrapping.change'}}</a> or <a href=\"{{gift_wrapping.remove_url}}\" onclick=\"return confirm('{{lang 'cart.gift_wrapping.remove_confirm'}}')\">{{lang 'cart.gift_wrapping.remove'}}</a>)\n                </span>\n            </dd>\n            {{#if gift_wrapping.message}}\n                <dt class=\"cart-item-option-title\">\n                    {{lang 'cart.gift_wrapping.gift_message'}}:\n                </dt>\n                <dd class=\"cart-item-option-description\">\n                    {{gift_wrapping.message}}\n                </dd>\n            {{/if}}\n        {{else}}\n            <dd class=\"cart-item-option-description\">\n                <a href=\"\" data-item-giftwrap=\"{{id}}\">{{lang 'cart.gift_wrapping.add'}}</a>\n            </dd>\n        {{/if}}\n    </dl>\n{{/if}}\n","components/common/login-for-pricing":"<p translate>Log in for pricing</p>\n","components/cart/shipping-estimator":"{{#if shipping_cost}}\n    <div class=\"cart-total-value\">\n        <div class=\"subtotal shipping-estimate-show\">\n            <a href=\"#\" class=\"shipping-estimate-value\">{{shipping_cost.formatted}}</a>\n        </div>\n    </div>\n{{else}}\n    <div class=\"cart-total-value\">\n        <button class=\"shipping-estimate-show\">{{lang 'cart.shipping_estimator.add_info'}}</button>\n        <button class=\"shipping-estimate-hide\" style=\"display: none;\">Cancel</button>\n    </div>\n{{/if}}\n\n<div class=\"shipping-estimator u-hiddenVisually\">\n    <form class=\"form estimator-form\" data-shipping-estimator>\n        <dl>\n            <dt class=\"estimator-form-label\">\n                <label class=\"form-label\" for=\"shipping-country\">{{lang 'cart.shipping_estimator.select_a_country'}}</label>\n            </dt>\n\n            <dd class=\"estimator-form-input\">\n                <select class=\"form-select\" id=\"shipping-country\" name=\"shipping-country\" data-field-type=\"Country\">\n                    <option>{{lang 'cart.shipping_estimator.select_a_country'}}</option>\n                    {{#each countries}}\n                        <option value=\"{{id}}\" {{#if selected}}selected=\"selected\"{{/if}}>\n                            {{name}}\n                        </option>\n                    {{/each}}\n                </select>\n            </dd>\n\n            <dt class=\"estimator-form-label\">\n                <label class=\"form-label\" for=\"shipping-state\">{{lang 'cart.shipping_estimator.select_a_state'}}</label>\n            </dt>\n\n            <dd class=\"estimator-form-input\">\n                {{#if states.length}}\n                    <select class=\"form-select\" id=\"shipping-state\" name=\"shipping-state\" data-field-type=\"State\">\n                        <option>{{lang 'cart.shipping_estimator.select_a_state'}}</option>\n                        {{#each states}}\n                            <option value=\"{{id}}\" {{#if selected}}selected=\"selected\"{{/if}}>\n                                {{name}}\n                            </option>\n                        {{/each}}\n                    </select>\n                {{else}}\n                    <input class=\"form-input\" type=\"text\" id=\"shipping-state\" name=\"shipping-state\" data-field-type=\"State\" placeholder=\"{{lang 'cart.shipping_estimator.select_a_state'}}\">\n                {{/if}}\n            </dd>\n\n            <dt class=\"estimator-form-label\">\n                <label class=\"form-label\" for=\"shipping-city\">{{lang 'cart.shipping_estimator.suburb_city'}}</label>\n            </dt>\n            <dd class=\"estimator-form-input\">\n                <input class=\"form-input\" type=\"text\" id=\"shipping-city\" name=\"shipping-city\" value=\"{{selected_city}}\" placeholder=\"{{lang 'cart.shipping_estimator.suburb_city'}}\">\n            </dd>\n\n            <dt class=\"estimator-form-label\">\n                <label class=\"form-label\" for=\"shipping-zip\">{{lang 'cart.shipping_estimator.zip_postal_code'}}</label>\n            </dt>\n            <dd class=\"estimator-form-input\">\n                <input class=\"form-input\" type=\"text\" id=\"shipping-zip\" name=\"shipping-zip\" value=\"{{selected_zip}}\" placeholder=\"{{lang 'cart.shipping_estimator.zip_postal_code'}}\">\n            </dd>\n            <button class=\"button button--primary button--small shipping-estimate-submit\">{{lang 'cart.shipping_estimator.estimate_shipping'}}</button>\n        </dl>\n    </form>\n    <div class=\"shipping-quotes\"></div>\n</div>\n","components/cart/coupon-input":"<div class=\"cart-total-value\">\n\n    <button class=\"coupon-code-add\">{{lang 'cart.coupons.add_coupon'}}</button>\n\n    <button class=\"coupon-code-cancel\" style=\"display: none;\">{{lang 'cart.coupons.cancel'}}</button>\n</div>\n\n<div class=\"cart-form coupon-code\" style=\"display: none;\">\n    <form class=\"form form--hiddenLabels coupon-form\" method=\"post\" action=\"{{urls.cart}}\">\n        <label class=\"form-label\" for=\"couponcode\">{{lang 'cart.coupons.coupon_code'}}</label>\n        <input class=\"form-input\" data-error=\"{{lang 'cart.coupons.empty_error'}}\"  id=\"couponcode\" type=\"text\" name=\"couponcode\" value=\"\" placeholder=\"{{lang 'cart.coupons.coupon_code'}}\">\n        <input class=\"button button--primary button--small\" type=\"submit\" value=\"{{lang 'cart.coupons.button'}}\">\n        <input type=\"hidden\" name=\"action\" value=\"applycoupon\">\n    </form>\n</div>\n","components/cart/gift-certificate-input":"<div class=\"cart-total-value\">\n\n    <button class=\"gift-certificate-add\">{{lang 'cart.gift_certificates.gift_certificate'}}</button>\n\n    <button class=\"gift-certificate-cancel\" style=\"display: none;\">{{lang 'cart.coupons.cancel'}}</button>\n</div>\n\n<div class=\"cart-form gift-certificate-code\" style=\"display: none;\">\n    <form class=\"form form--hiddenLabels cart-gift-certificate-form\" method=\"post\" action=\"{{urls.cart}}\">\n        <label class=\"form-label\" for=\"certcode\">{{lang 'cart.gift_certificates.cert_code'}}</label>\n        <input class=\"form-input\" data-error=\"{{lang 'cart.gift_certificates.empty_error'}}\"  id=\"certcode\" type=\"text\" name=\"certcode\" value=\"\" placeholder=\"{{lang 'cart.gift_certificates.add_cert_code'}}\">\n        <input class=\"button button--primary button--small\" type=\"submit\" value=\"{{lang 'cart.coupons.button'}}\">\n        <input type=\"hidden\" name=\"action\" value=\"applycoupon\">\n    </form>\n</div>\n","components/common/cookie":"<div class=\"cookieMessage\">\n    <div class=\"cookieMessage-container\">\n        <div class=\"cookieMessage-text\">\n            <p>{{settings.privacy_cookie}}</p>\n        </div>\n        <button class=\"button button--primary button--small\" data-privacy-accept>{{lang 'cookies.accept'}}</button>\n    </div>\n</div>\n","components/psdc-common/header":"<header class=\"header\" sticky=\"{{theme_settings.sticky-header}}\" role=\"banner\">\n  <div class=\"header-main\">\n  <div class=\"container\">\n    <div class=\"header-inner\">\n      <div class=\"header-left\">\n        <div class=\"desktop_mobile_menu\">\n          <a class=\"control-otherlinks\" href=\"javascript:void(0);\" onclick=\"\">\n            <span class=\"otherlinks-line-1\"></span>\n            <span class=\"otherlinks-line-2\"></span>\n            <span class=\"otherlinks-line-3\"></span>\n            <span class=\"otherlinks-line-4\"></span>\n          </a>\n        </div>\n        <div class=\"logo-block\">\n          {{#if page_type '===' 'default'}}\n              <h1 class=\"header-logo header-logo--{{theme_settings.logo-position}}\">\n                  {{> components/psdc-common/store-logo}}\n              </h1>\n          {{else}}\n              <div class=\"header-logo header-logo--{{theme_settings.logo-position}}\">\n                  {{> components/psdc-common/store-logo}}\n              </div>\n          {{/if}}\n        </div>\n      </div>\n\n      <div class=\"header-center\">\n        <div class=\"navigation-menu\" data-menu>\n            {{> components/psdc-common/navigation-menu}}\n        </div>\n      </div>\n\n      <div class=\"header-right\">\n          {{> components/psdc-common/navigation}}\n      </div>\n    </div>\n  </div>\n  {{#if currency_selector.currencies.length '>' 1}}\n    <div class=\"header-currancy\">\n        <div class=\"navUser-item currency-item\">\n          <div class=\"currency\">\n            {{> components/psdc-common/currency-selector}}\n          </div>\n        </div>\n    </div>\n  {{/if}}\n</div>\n  <div class=\"mobile-search\">\n    <div class=\"container\">\n      {{> components/psdc-common/quick-search}}\n    </div>\n  </div>\n</header>\n{{{region name=\"header_bottom\"}}}\n","components/common/body":"<div class=\"body\" data-currency-code=\"{{currency_selector.active_currency_code}}\">\n    {{#block \"hero\"}} {{/block}}\n    <div>\n        {{#block \"page\"}} {{/block}}\n    </div>\n    {{> components/common/modal}}\n    {{> components/common/alert-modal}}\n</div>\n","components/psdc-common/footer":"<footer class=\"footer\" role=\"contentinfo\">\n  {{> components/psdc-common/usp-section}}\n  <div class=\"footer-info-inn\">\n    <div class=\"container\">\n      <section class=\"footer-info footer-wrap\">\n        <article class=\"footer-info-col footer-info-col--small footer-store-logo\" data-section-type=\"footer-logo\">\n          <div class=\"logo-block\">\n            <div class=\"footer-logo-img\">\n              <a href=\"{{urls.home}}\">\n                <img class=\"footer-logo-image\" src=\"https://birdandbeanshop.mybigcommerce.com/product_images/uploaded_images/footer-logo.png\" alt=\"{{settings.store_logo.title}}\" title=\"{{settings.store_logo.title}}\">\n              </a>\n            </div>\n            <span class=\"footer-owner-email\">hello@birdandbeanshop.com</span>\n          </div>\n        </article>\n        <article class=\"footer-info-col footer-info-col--small footer-hours\" data-section-type=\"footer-hours\">\n          <div class=\"footer-info--col-inn\">\n            <h5 class=\"footer-info-heading footer-toggle-title\">\n              <strong>{{lang 'footer.hours'}}</strong>\n              <svg class=\"down\"><use xlink:href=\"#icon-keyboard-arrow-down\"></use></svg>\n            </h5>\n            <div class=\"footer-toggle-content\">\n              <h6>Monday-Wednesday: <br /> 10am-7pm <br /> Thursday-Saturday: <br /> 9am-8pm <br /> Sunday: 10am-6pm</h6>\n            </div>\n          </div>\n        </article>\n        {{#if theme_settings.social_icon_placement_bottom '!==' 'bottom_none'}}\n          <article class=\"footer-info-col footer-info-col--small\"\n              data-section-type=\"footer-webPages\">\n                  <h5 class=\"footer-info-heading\">\n                    <!-- {{lang 'social.connect'}} -->\n                  </h5>\n                  {{> components/common/social-links}}\n          </article>\n        {{/if}}\n      </section>\n    </div>\n  </div>\n</footer>\n","components/psdc-common/store-logo":"<a href=\"{{urls.home}}\">\n    {{#if settings.store_logo.image}}\n        {{#if theme_settings.logo_size '===' 'original'}}\n            <img class=\"header-logo-image-unknown-size\" src=\"{{getImage settings.store_logo.image 'logo_size'}}\" alt=\"{{settings.store_logo.title}}\" title=\"{{settings.store_logo.title}}\">\n        {{else}}\n            <div class=\"header-logo-image-container-custom\">\n                <img class=\"header-logo-image-custom\" src=\"{{getImage settings.store_logo.image 'logo_size'}}\" alt=\"{{settings.store_logo.title}}\" title=\"{{settings.store_logo.title}}\">\n            </div>\n        {{/if}}\n    {{else}}\n        <span class=\"header-logo-text\">{{settings.store_logo.title}}</span>\n    {{/if}}\n</a>\n","components/psdc-common/navigation-menu":"<nav class=\"navPages\">\n  <ul class=\"navPages-list{{#if theme_settings.navigation_design '!==' 'simple'}} navPages-list-depth-max{{/if}} sf-menu\" data-speed=\"0.8\">\n\n    {{#if theme_settings.headernavigation '==' \"navcategory\"}}\n        <li class=\"{{#if @last}}last-menu-item{{/if}}\">\n            {{#each categories}}\n                  <li class=\"navPages-item\">\n                    {{> components/psdc-common/navigation-list}}\n                  </li>\n            {{/each}}\n        </li>\n    {{/if}}\n\n\n    {{#if theme_settings.headernavigation '==' \"navwebpage\"}}\n      {{#each pages}}\n           <li class=\"navPages-item navPages-item-page {{#if @last}}last-menu-item{{/if}}\">\n             {{> components/psdc-common/navigation-list}}\n           </li>\n       {{/each}}\n    {{/if}}\n\n{{#if theme_settings.headernavigation '==' \"navboth\"}}\n      <!-- <li class=\"navPages-item\"> -->\n        <!-- <a class=\"navPages-action needsclick\" href=\"/categories\">{{theme_settings.category-menu-name}} <svg><use xlink:href=\"#icon-chevron-down\"></use></svg></a> -->\n        <!-- <ul> -->\n          {{#each categories}}\n            <li class=\"navPages-item {{#and @last (if (length pages) '==' '0')}}last-menu-item{{/and}} nav-arrow-roted\">\n              {{> components/psdc-common/navigation-list}}\n            </li>\n          {{/each}}\n        <!-- </ul> -->\n      <!-- </li> -->\n      {{#each pages}}\n           <li class=\"navPages-item navPages-item-page {{#if @last}}last-menu-item{{/if}}\">\n             {{> components/psdc-common/navigation-list}}\n           </li>\n       {{/each}}\n  {{/if}}\n  </ul>\n</nav>\n","components/psdc-common/navigation":"<nav class=\"navUser\">\n    <ul class=\"navUser-section navUser-section--alt account-section sf-menu\">\n      {{> components/psdc-common/header-account-menu}}\n\n    {{#if theme_settings.EnableProductCompare}}\n      <li class=\"navUser-item navUser-item-compare\">\n          <a class=\"navUser-action navUser-item--compare needsclick\" title=\"Compare\" href=\"{{urls.compare}}\" data-compare-nav>\n            <svg><use xlink:href=\"#icon-compare\"></use></svg>\n            <span class=\"countPill countPill--positive\"></span>\n          </a>\n      </li>\n    {{/if}}\n\n      <li class=\"navUser-item navUser-search\">\n          <a class=\"navUser-action navUser-action--quickSearch\" href=\"javascript:void(0);\" data-search=\"quickSearch\" aria-controls=\"quickSearch\" aria-expanded=\"false\"><svg class=\"search-icon\"><use xlink:href=\"#icon-search\"></use></svg> <svg class=\"search-close\"><use xlink:href=\"#icon-close\"></use></svg></a>\n      </li>\n\n\n      <li class=\"navUser-item navUser-item--cart\">\n          <a  class=\"navUser-action\"\n              data-cart-preview\n              data-dropdown=\"cart-preview-dropdown\"\n              data-options=\"align:right\"\n              href=\"{{urls.cart}}\">\n              <span class=\"navUser-item-cartLabel\">\n                <svg><use xlink:href=\"#icon-cart\"></use></svg>\n              </span> <span class=\"countPill cart-quantity\"></span>\n          </a>\n          <div class=\"dropdown-menu\" id=\"cart-preview-dropdown\" data-dropdown-content aria-hidden=\"true\"></div>\n      </li>\n    </ul>\n\n</nav>\n\n<div class=\"dropdown dropdown--quickSearch\" id=\"quickSearch\" aria-hidden=\"true\" tabindex=\"-1\" data-prevent-quick-search-close>\n    {{> components/psdc-common/quick-search headerSearch='headerSearch'}}\n</div>\n\n<div id=\"headerSidebar\" class=\"header-side-bar\">\n<div class=\"header-side-bar-inn\">\n  <div class=\"close\">\n    <a class=\"close-icon\" href=\"javascript:void(0);\"><svg><use xlink:href=\"#icon-close\"></use></svg></a>\n  </div>\n  <div class=\"category headerSidebar-block\">\n    <h5 class=\"sidebarBlock-heading\">{{lang 'footer.categories'}}</h5>\n    <ul class=\"navList navList-treeview\">\n        {{#each categories}}\n            <li class=\"navPages-item\">\n              {{> components/psdc-common/navigation-list}}\n            </li>\n      {{/each}}\n    </ul>\n  </div>\n  <div class=\"webpages headerSidebar-block\">\n    <h5 class=\"sidebarBlock-heading\">{{lang 'footer.navigate'}}</h5>\n    <ul class=\"navList navList-treeview\">\n      {{#each pages}}\n           <li class=\"navPages-item navPages-item-page\">\n             {{> components/psdc-common/navigation-list}}\n           </li>\n       {{/each}}\n    </ul>\n  </div>\n  <div class=\"brand headerSidebar-block\">\n    <h5 class=\"sidebarBlock-heading\">{{lang 'footer.brands'}}</h5>\n    <ul class=\"navList navList-treeview\">\n      {{#each shop_by_brand}}\n          {{#if @index '<' '5' }}\n            <li class=\"navPages-item\">\n                <a class=\"navPages-action\" href=\"{{url}}\">\n                  <span class=\"nav-arrow\"><svg class=\"\"><use xlink:href=\"#icon-m-right\"></use></svg></span>\n                  {{name}}\n                </a>\n            </li>\n          {{/if}}\n      {{/each}}\n    </ul>\n  </div>\n  <div class=\"brand headerSidebar-block mobile-currancy\">\n    <h5 class=\"sidebarBlock-heading\">{{lang 'common.currency' code=currency_selector.active_currency_code}} <span class=\"flag\">{{{lang 'common.currency-flag' flag=currency_selector.active_currency_flag}}}</span><span class=\"code\">{{lang 'common.currency-code' code=currency_selector.active_currency_code}}</span></h5>\n\n  </div>\n</div>\n\n</div>\n","components/psdc-common/currency-selector":"{{#if currency_selector.currencies.length '>' 1}}\n  <ul class=\"navUser-section sf-menu\">\n      <li class=\"navUser-item currency-heading\">\n        <span>{{lang 'common.currency' code=currency_selector.active_currency_code}}</span>\n      </li>\n      <li class=\"navUser-item navUser-item-currencySelector\">\n          <a class=\"navUser-action navUser-action--currencySelector\" href=\"#\" aria-controls=\"currencySelection\" aria-expanded=\"false\">\n            <span class=\"flag\">{{{lang 'common.currency-flag' flag=currency_selector.active_currency_flag}}}</span><span class=\"code\">{{lang 'common.currency-code' code=currency_selector.active_currency_code}}</span>\n            <i class=\"icon\" aria-hidden=\"true\"><svg><use xlink:href=\"#icon-chevron-down\" /></svg></i>\n          </a>\n          <ul class=\"dropdown-menu\" id=\"currencySelection\" data-dropdown-content aria-hidden=\"true\" tabindex=\"-1\">\n            {{#each currency_selector.currencies}}\n            {{#if is_active \"!=\" true}}\n              <li>\n                  <a href=\"{{{switch_url}}}\">\n                    <span class=\"flag\">{{{flag}}}</span><span class=\"code\">{{name}}</span>\n                  </a>\n              </li>\n            {{/if}}\n          {{/each}}\n          </ul>\n      </li>\n  </ul>\n{{/if}}\n","components/psdc-common/quick-search":"<form class=\"form\" action=\"{{urls.search}}\"  id=\"{{#if headerSearch}}headerQuickSearchForm{{else}}mobileQuickSearchForm{{/if}}\">\n    <fieldset class=\"form-fieldset\">\n        <div class=\"form-field\">\n            <label class=\"is-srOnly\" for=\"search_query\">{{lang \"search.quick_search.input_label\"}}</label>\n            <input class=\"form-input\" data-search-quick name=\"search_query\" id=\"search_query\" data-error-message=\"{{lang 'search.error.empty_field'}}\" placeholder=\"{{lang 'search.quick_search.input_placeholder'}}\" autocomplete=\"off\">\n            <span class=\"search-icon-main\" onclick=\"{{#if headerSearch}}document.getElementById('headerQuickSearchForm').submit();{{else}}document.getElementById('mobileQuickSearchForm').submit();{{/if}}\"><svg class=\"search-icon\"><use xlink:href=\"#icon-search\"></use></svg></span>\n        </div>\n    </fieldset>\n</form>\n<section class=\"quickSearchResults\" data-bind=\"html: results\"></section>\n","components/common/modal":"<div id=\"modal\" class=\"modal\" data-reveal data-prevent-quick-search-close>\n    <a href=\"#\" class=\"modal-close\" aria-label=\"{{lang 'common.close'}}\" role=\"button\">\n        <span aria-hidden=\"true\">&#215;</span>\n    </a>\n    <div class=\"modal-content\"></div>\n    <div class=\"loadingOverlay\"></div>\n</div>\n","components/common/alert-modal":"<div id=\"alert-modal\" class=\"modal modal--alert modal--small\" data-reveal data-prevent-quick-search-close>\n    <div class=\"swal2-icon swal2-error swal2-animate-error-icon\"><span class=\"swal2-x-mark swal2-animate-x-mark\"><span class=\"swal2-x-mark-line-left\"></span><span class=\"swal2-x-mark-line-right\"></span></span></div>\n\n    <div class=\"modal-content\"></div>\n\n    <div class=\"button-container-custom m-t-20\"><button type=\"button\" class=\"confirm button\" data-reveal-close>OK</button></div>\n</div>\n","components/psdc-common/usp-section":"{{#if theme_settings.show_usp '!=' 0}}\n  <div class=\"usp-section m-b-60 {{#if theme_settings.show_usp '==' 0}}usp-section-none{{/if}}\">\n    <div class=\"container\">\n      <ul>\n        {{#if theme_settings.show_usp '>=' 1}}\n          <li class=\"{{#if theme_settings.show_usp '>=' 1}}first{{/if}}\">\n            <div class=\"usp-block\">\n\n              {{#if theme_settings.selected-icon1 '!=' ''}}\n                {{#if theme_settings.selected-icon1 '==' 'SelectOne'}}\n                  {{#if theme_settings.UspImageFirst '!=' ''}}\n                    <div class=\"usp-img\">\n                      <img src=\"/product_images/uploaded_images/{{theme_settings.UspImageFirst}}\" alt=\"\">\n                    </div>\n                  {{/if}}\n                  {{else}}\n                    <div class=\"usp-img\">\n                        <img src=\"{{cdn 'assets/img/usp-icon/'}}{{theme_settings.selected-icon1}}.png\" alt=\"\">\n                    </div>\n                {{/if}}\n              {{/if}}\n\n              <div class=\"usp-detail\">\n                {{#if theme_settings.UspTitleFirst}}\n                  <h5>{{theme_settings.UspTitleFirst}}</h5>\n                {{/if}}\n                {{#if theme_settings.UspTextFirst}}\n                  <p>{{theme_settings.UspTextFirst}}</p>\n                {{/if}}\n              </div>\n            </div>\n          </li>\n        {{/if}}\n        {{#if theme_settings.show_usp '>=' 2}}\n          <li class=\"{{#if theme_settings.show_usp '>=' 2}}second{{/if}}\">\n            <div class=\"usp-block\">\n\n              {{#if theme_settings.selected-icon2 '!=' ''}}\n                {{#if theme_settings.selected-icon2 '==' 'SelectOne'}}\n                  {{#if theme_settings.UspImageSecond '!=' ''}}\n                    <div class=\"usp-img\">\n                      <img src=\"/product_images/uploaded_images/{{theme_settings.UspImageSecond}}\" alt=\"\">\n                    </div>\n                  {{/if}}\n                  {{else}}\n                    <div class=\"usp-img\">\n                        <img src=\"{{cdn 'assets/img/usp-icon/'}}{{theme_settings.selected-icon2}}.png\" alt=\"\">\n                    </div>\n                {{/if}}\n              {{/if}}\n\n              <div class=\"usp-detail\">\n                {{#if theme_settings.UspTitleSecond}}\n                  <h5>{{theme_settings.UspTitleSecond}}</h5>\n                {{/if}}\n                {{#if theme_settings.UspTextSecond}}\n                  <p>{{theme_settings.UspTextSecond}}</p>\n                {{/if}}\n              </div>\n            </div>\n          </li>\n        {{/if}}\n        {{#if theme_settings.show_usp '>=' 3}}\n        <li class=\"{{#if theme_settings.show_usp '>=' 3}}third{{/if}}\">\n          <div class=\"usp-block\">\n\n            {{#if theme_settings.selected-icon3 '!=' ''}}\n              {{#if theme_settings.selected-icon3 '==' 'SelectOne'}}\n                {{#if theme_settings.UspImageThird '!=' ''}}\n                  <div class=\"usp-img\">\n                    <img src=\"/product_images/uploaded_images/{{theme_settings.UspImageThird}}\" alt=\"\">\n                  </div>\n                {{/if}}\n                {{else}}\n                  <div class=\"usp-img\">\n                      <img src=\"{{cdn 'assets/img/usp-icon/'}}{{theme_settings.selected-icon3}}.png\" alt=\"\">\n                  </div>\n              {{/if}}\n            {{/if}}\n\n            <div class=\"usp-detail\">\n              {{#if theme_settings.UspTitleThird}}\n                <h5>{{theme_settings.UspTitleThird}}</h5>\n              {{/if}}\n              {{#if theme_settings.UspTextThird}}\n                <p>{{theme_settings.UspTextThird}}</p>\n              {{/if}}\n            </div>\n          </div>\n        </li>\n        {{/if}}\n        {{#if theme_settings.show_usp '>=' 4}}\n          <li class=\"{{#if theme_settings.show_usp '>=' 4}}fourth{{/if}}\">\n            <div class=\"usp-block\">\n\n              {{#if theme_settings.selected-icon4 '!=' ''}}\n                {{#if theme_settings.selected-icon4 '==' 'SelectOne'}}\n                  {{#if theme_settings.UspImageFour '!=' ''}}\n                    <div class=\"usp-img\">\n                      <img src=\"/product_images/uploaded_images/{{theme_settings.UspImageFour}}\" alt=\"\">\n                    </div>\n                  {{/if}}\n                  {{else}}\n                    <div class=\"usp-img\">\n                        <img src=\"{{cdn 'assets/img/usp-icon/'}}{{theme_settings.selected-icon4}}.png\" alt=\"\">\n                    </div>\n                {{/if}}\n              {{/if}}\n\n              <div class=\"usp-detail\">\n                {{#if theme_settings.UspTitleFour}}\n                  <h5>{{theme_settings.UspTitleFour}}</h5>\n                {{/if}}\n                {{#if theme_settings.UspTextFour}}\n                  <p>{{theme_settings.UspTextFour}}</p>\n                {{/if}}\n              </div>\n            </div>\n          </li>\n        {{/if}}\n      </ul>\n    </div>\n  </div>\n{{/if}}\n","components/common/social-links":"{{#if social_media}}\n    <ul class=\"socialLinks socialLinks--alt\">\n        {{#each social_media}}\n            <li class=\"socialLinks-item\">\n                <a class=\"icon icon--{{display_name}}\" href=\"{{url}}\" target=\"_blank\">\n                    <svg><use xlink:href=\"#icon-{{display_name}}\" /></svg>\n                </a>\n            </li>\n        {{/each}}\n    </ul>\n{{/if}}\n","components/psdc-common/navigation-list":"<!-- SECOND LEVEL STARTS -->\n{{#if children}}\n\n<a class=\"navPages-action\" href=\"{{url}}\" class=\"needsclick\">\n  <span class=\"nav-arrow\"><svg class=\"\"><use xlink:href=\"#icon-m-right\"></use></span>\n    {{name}}\n    <svg class=\"chevron-down\"><use xlink:href=\"#icon-chevron-down\"></use></svg>\n</a>\n<ul class=\"navlist-sub nav-second-level\">\n    {{#each children}}\n    <li>\n        <!-- THIRD LEVEL STARTS -->\n        {{#if children}}\n        <a class=\"navPages-action\" href=\"{{url}}\" class=\"needsclick\">\n          <span class=\"nav-arrow\"><svg class=\"\"><use xlink:href=\"#icon-m-right\"></use></span>\n            {{name}} <svg class=\"chevron-down\"><use xlink:href=\"#icon-chevron-down\"></use></svg>\n        </a>\n        <ul class=\"navlist-sub nav-third-level\">\n            {{#each children}}\n            <li>\n              <!-- FOURTH LEVEL STARTS -->\n              {{#if children}}\n              <a class=\"navPages-action\" href=\"{{url}}\" class=\"needsclick\">\n                <span class=\"nav-arrow\"><svg class=\"\"><use xlink:href=\"#icon-m-right\"></use></span>\n                  {{name}} <svg class=\"chevron-down\"><use xlink:href=\"#icon-chevron-down\"></use></svg>\n              </a>\n              <ul class=\"navlist-sub nav-third-level\">\n                  {{#each children}}\n                  <li>\n                      <a class=\"navPages-action\" href=\"{{url}}\" class=\"needsclick\">{{name}} </a>\n                  </li>\n                  {{/each}}\n              </ul>\n              {{else}}\n                <a class=\"navPages-action\" href=\"{{url}}\" class=\"needsclick\">{{name}}</a>\n              {{/if}}\n              <!-- FOURTH LEVEL STARTS -->\n\n            </li>\n            {{/each}}\n        </ul>\n        {{else}}\n        <a class=\"navPages-action\" href=\"{{url}}\" class=\"needsclick\">\n          <span class=\"nav-arrow\"><svg class=\"\"><use xlink:href=\"#icon-m-right\"></use></span>{{name}}</a>\n        {{/if}}\n        <!-- THIRD LEVEL STARTS -->\n    </li>\n    {{/each}}\n</ul>\n{{else}}\n<a class=\"navPages-action\" href=\"{{url}}\">\n  <span class=\"nav-arrow\"><svg class=\"\"><use xlink:href=\"#icon-m-right\"></use></span>{{name}}</a>\n{{/if}}\n<!-- SECOND LEVEL ENDS -->\n","components/psdc-common/header-account-menu":"<li class=\"navUser-item navUser-item--account\">\n    <a class=\"navUser-action needsclick\" href=\"{{urls.account.index}}\">\n      <svg><use xlink:href=\"#icon-user\"></use></svg>\n      <!-- <span>{{lang 'common.account'}}</span> -->\n    </a>\n    <ul class=\"navUser-section-sub section-sub-right\">\n      {{#if customer}}\n        <li class=\"navUser-item\">\n          <a class=\"navUser-action\" href=\"{{urls.account.index}}\">\n              <svg><use xlink:href=\"#icon-user\"></use></svg><span>{{lang 'common.account'}}</span>\n          </a>\n        </li>\n        <li class=\"navUser-item\">\n            <a class=\"navUser-action needsclick\" href=\"{{urls.auth.logout}}\">\n              <svg><use xlink:href=\"#icon-padlock\"></use></svg><span>{{lang 'common.logout'}}</span>\n            </a>\n        </li>\n      {{else}}\n        <li class=\"navUser-item\">\n          <a class=\"navUser-action needsclick\" href=\"{{urls.auth.login}}\">\n            <svg><use xlink:href=\"#icon-signout\"></use></svg><span>{{lang 'common.login'}}</span>\n          </a>\n        </li>\n        {{#if settings.account_creation_enabled}}\n        <li class=\"navUser-item\">\n          <a class=\"navUser-action needsclick\" href=\"{{urls.auth.create_account}}\">\n            <svg><use xlink:href=\"#icon-register\"></use></svg><span>{{lang 'common.sign_up'}}</span>\n          </a>\n        </li>\n        {{/if}}\n      {{/if}}\n      {{#if settings.gift_certificates_enabled}}\n          <li class=\"navUser-item\">\n              <a class=\"navUser-action needsclick\" href=\"{{urls.gift_certificate.purchase}}\">\n              <svg><use xlink:href=\"#icon-gift-certificate\"></use></svg><span>{{lang 'common.gift_cert'}}</span>\n              </a>\n          </li>\n      {{/if}}\n      {{#if settings.show_wishlist}}\n        <li class=\"navUser-item navUser-item-wishlist\">\n            <a class=\"navUser-action needsclick\" href=\"{{urls.account.wishlists.all}}\">\n              <svg><use xlink:href=\"#icon-wishlist\"></use></svg><span>{{lang 'account.nav.wishlist'}}</span>\n            </a>\n        </li>\n      {{/if}}\n\n      {{#if customer.store_credit.value '>' 0}}\n          <li class=\"navUser-item navUser-item-storeCredit\">\n              <a class=\"navUser-action navUser-action--storeCredit needsclick\" href=\"{{urls.cart}}\">\n                 <span>{{lang 'common.store_credit_overview' credit=customer.store_credit.formatted}}</span>\n              </a>\n          </li>\n      {{/if}}\n\n    </ul>\n</li>\n"}