{"pages/blog":"---\nblog:\n    posts:\n        limit: 5\n        pages: 3\n        summary: 200\n---\n{{#partial \"page\"}}\n\n{{> components/common/breadcrumbs breadcrumbs=breadcrumbs}}\n\n<main class=\"page\">\n  <div class=\"column\">\n    {{#unless theme_settings.hide_blog_page_heading }}\n        <h1 class=\"page-heading\">{{ blog.name }}</h1>\n    {{/unless}}\n\n    {{#each blog.posts}}\n        {{> components/blog/post post=this postURL=(encodeURI url)}}\n    {{/each}}\n\n    {{> components/common/paginator pagination.blog}}\n  </div>\n</main>\n\n{{/partial}}\n{{> layout/base}}\n","components/common/breadcrumbs":"<ul class=\"breadcrumbs\" itemscope itemtype=\"http://schema.org/BreadcrumbList\">\n    {{#unless theme_settings.hide_breadcrumbs }}\n        {{#each breadcrumbs}}\n            <li class=\"breadcrumb {{#if @last}}is-active{{/if}}\" itemprop=\"itemListElement\" itemscope itemtype=\"http://schema.org/ListItem\">\n                {{#or @last (if url \"==\" null)}}\n                    <meta itemprop=\"item\" content=\"{{url}}\">\n                    <span class=\"breadcrumb-label\" itemprop=\"name\">{{name}}</span>\n                {{else}}\n                    <a href=\"{{url}}\" class=\"breadcrumb-label\" itemprop=\"item\"><span itemprop=\"name\">{{name}}</span></a>\n                {{/or}}\n                <meta itemprop=\"position\" content=\"{{add @index 1}}\" />\n            </li>\n        {{/each}}\n    {{/unless}}\n</ul>\n","components/blog/post":"<article class=\"blog\">\n    <div class=\"blog-post-figure\">\n        {{#if post.thumbnail}}\n            <figure class=\"blog-thumbnail\">\n                <a href=\"{{post.url}}\">\n                    {{> components/common/responsive-img\n                        image=post.thumbnail\n                        fallback_size=theme_settings.blog_size\n                        lazyload=theme_settings.lazyload_mode\n                    }}\n                </a>\n            </figure>\n        {{/if}}\n    </div>\n\n    <div class=\"blog-post-body\">\n        <header class=\"blog-header\">\n            <h2 class=\"blog-title\">\n                <a href=\"{{post.url}}\">{{post.title}}</a>\n            </h2>\n            <p class=\"blog-date\">{{#if post.author}}{{lang 'blog.posted_by' name=post.author}} on {{/if}}{{post.date_published}}</p>\n        </header>\n\n        <div class=\"blog-post\">\n            {{#if post.body}}\n                {{{post.body}}}\n            {{else}}\n                {{{post.summary}}}\n                {{#if post.show_read_more}}\n                    &hellip; <a href=\"{{url}}\">read more</a>\n                {{/if}}\n            {{/if}}\n        </div>\n\n\n        {{#if show_tags}}\n            {{#if post.tags}}\n                <ul class=\"tags\">\n                    {{#each post.tags}}\n                    <li class=\"tag\">\n                        <a href=\"{{url}}\">#{{name}}</a>\n                    </li>\n                    {{/each}}\n                </ul>\n            {{/if}}\n        {{/if}}\n\n        {{>components/common/share postURL=postURL}}\n\n    </div>\n</article>\n","components/common/paginator":"<div class=\"pagination\">\n    <ul class=\"pagination-list\">\n        {{#if previous}}\n            <li class=\"pagination-item pagination-item--previous\">\n                <a class=\"pagination-link\" href=\"{{previous}}\" {{#unless reload}}data-faceted-search-facet{{/unless}}>\n                    <i class=\"icon\" aria-hidden=\"true\">\n                        <svg>\n                            <use xmlns:xlink=\"http://www.w3.org/1999/xlink\" xlink:href=\"#icon-chevron-left\"></use>\n                        </svg>\n                    </i>\n                    {{lang 'common.previous'}}\n                </a>\n            </li>\n        {{/if}}\n        {{#each links}}\n            {{#if this.number '==' ../current}}\n                <li class=\"pagination-item pagination-item--current\">\n                    <a class=\"pagination-link\" href=\"{{this.url}}\" {{#unless reload}}data-faceted-search-facet{{/unless}}>{{this.number}}</a>\n                </li>\n            {{else}}\n                <li class=\"pagination-item\">\n                    <a class=\"pagination-link\" href=\"{{this.url}}\" {{#unless reload}}data-faceted-search-facet{{/unless}}>{{this.number}}</a>\n                </li>\n            {{/if}}\n        {{/each}}\n\n        {{#if next}}\n            <li class=\"pagination-item pagination-item--next\">\n                <a class=\"pagination-link\" href=\"{{next}}\" {{#unless reload}}data-faceted-search-facet{{/unless}}>\n                    {{lang 'common.next'}}\n                    <i class=\"icon\" aria-hidden=\"true\">\n                        <svg>\n                            <use xmlns:xlink=\"http://www.w3.org/1999/xlink\" xlink:href=\"#icon-chevron-right\"></use>\n                        </svg>\n                    </i>\n                </a>\n            </li>\n        {{/if}}\n    </ul>\n</div>\n","layout/base":"<!DOCTYPE html>\n<html class=\"no-js\" lang=\"{{ locale_name }}\">\n    <head>\n        <title>{{ head.title }}</title>\n        {{{ resourceHints }}}\n        {{{ head.meta_tags }}}\n        {{{ head.config }}}\n        {{#block \"head\"}} {{/block}}\n\n        <link href=\"{{ head.favicon }}\" rel=\"shortcut icon\">\n        <meta name=\"viewport\" content=\"width=device-width, initial-scale=1, maximum-scale=1\">\n\n        <script>\n            {{!-- Change document class from no-js to js so we can detect this in css --}}\n            document.documentElement.className = document.documentElement.className.replace('no-js', 'js');\n        </script>\n\n        {{!-- Load Lazysizes script ASAP so images will appear --}}\n        <script>\n            {{!-- Only load visible elements until the onload event fires, after which preload nearby elements. --}}\n            window.lazySizesConfig = window.lazySizesConfig || {};\n            window.lazySizesConfig.loadMode = 1;\n        </script>\n        <script async src=\"{{cdn 'assets/dist/theme-bundle.head_async.js'}}\"></script>\n\n        {{ getFontsCollection }}\n        {{{stylesheet '/assets/css/theme.css'}}}\n\n        {{{head.scripts}}}\n\n        {{~inject 'themeSettings' theme_settings}}\n        {{~inject 'genericError' (lang 'common.generic_error')}}\n        {{~inject 'maintenanceMode' settings.maintenance}}\n        {{~inject 'urls' urls}}\n        {{~inject 'secureBaseUrl' settings.secure_base_url}}\n        {{~inject 'cartId' cart_id}}\n        {{~inject 'template' template}}\n\n        {{inject 'compareRequireMessage' (lang 'compare.no_remove')}}\n        {{inject 'NoItemToCompare' (lang 'compare.no_item_compare')}}\n        {{inject 'CompareSuccessMessage' (lang 'compare.item_successfully_added')}}\n        {{inject 'CompareAlreadyAdded' (lang 'compare.item_already_added')}}\n        {{inject 'CompareLimitMessage' (lang 'compare.more_than_4item')}}\n        {{inject 'CompareNotFunction' (lang 'compare.not_functioning')}}\n        {{inject 'CompareRemoveMessage' (lang 'compare.item_successfully_removed')}}\n\n    </head>\n    <body class=\"type-{{page_type}}\">\n        <svg data-src=\"{{cdn 'img/icon-sprite.svg'}}\" class=\"icons-svg-sprite\"></svg>\n\n        {{~#and settings.privacy_cookie settings.is_eu_ip_address}}\n            {{> components/common/cookie}}\n        {{/and}}\n\n        {{> components/psdc-common/header }}\n        {{> components/common/body }}\n        {{> components/psdc-common/footer }}\n\n        <script>window.__webpack_public_path__ = \"{{cdn 'assets/dist/'}}\";</script>\n        <script src=\"https://apps.elfsight.com/p/platform.js\" defer></script>\n        <script src=\"{{cdn 'assets/dist/theme-bundle.main.js'}}\"></script>\n        <script>\n            {{!-- Exported in app.js --}}\n            window.stencilBootstrap(\"{{page_type}}\", {{jsContext}}).load();\n        </script>\n\n        {{{footer.scripts}}}\n    </body>\n</html>\n","components/common/responsive-img":"{{!--\n    This file implements the lazysizes srcset pattern (as seen on\n    https://github.com/aFarkas/lazysizes#modern-transparent-srcset-pattern) for maximum performance on modern browsers\n    and reasonable compatibility with legacy browsers.\n    \n    There are a few important arguments to know about when using this component:\n    `lazyload`:\n        - If set to 'lazyload+lqip', will load a low-res image which will be replaced by lazysizes - ensuring that SOME\n        content is shown immediately on page load. Without LQIP, a transparent gif will be used instead, which reduces\n        the number of requests needed to load the page, making it even faster.\n        - If set to 'lazyload', the browser will not load the full-size image at first, instead the lazysizes plugin will\n            load it progressively after page load. This improves the load speed of the page, but it should be disabled for\n            high-priority above-the-fold images.\n        - If set to 'disabled', will not attempt to lazyload the image and instead tell the browser to load it immediately.\n            Use this for high-priority images that are above the fold.\n    \n    `fallback_size`:\n        This is the size to use for this image in legacy browsers that do not support srcset.\n        Can be defined as a pixel bounding-box size (e.g. \"123x123) or inherent width (e.g. \"123w\").\n    \n    `class`:\n        The CSS classes to add to the image, e.g. \"card-image\". If lazyloading is enabled, all images will have the\n        \"lazyload\" class so that lazysizes will target them automatically.\n    \n    `otherAttributes`:\n        Any other HTML attributes you want on the img tag, for example \"height='100' width='100'\"\n    \n    `default_image`:\n        The default image to use if `image` is undefined or falsy. Should be a theme asset, usually defined as a relative\n        path in the theme config. If a default image is not provided, you'll get an image tag with no image if the primary\n        image is undefined.\n    \n    `lqip_size`:\n        If you want to specify a particular size for the LQIP image, you can do so with this argument. A default of 80\n        pixels wide will be used otherwise. This argument has no effect if the lazyload mode is not \"lazyload+lqip\".\n    \n    --}}\n    <img {{#if image}}{{!-- Get the default image for legacy browsers that do not support srcset\n    --}}src=\"{{getImageSrcset image 1x=(default fallback_size '160w')}}\" alt=\"{{image.alt}}\" title=\"{{image.alt}}\" {{!--\n      Allow lazysizes to generate the 'sizes' attribute automatically --}}data-sizes=\"auto\"\n      {{#unless lazyload '==' 'disabled'}}\n        {{#if lazyload '==' 'lazyload+lqip'}}\n        {{!-- If we want a LQIP, include it as the default srcset (will be overwritten by lazysizes) --}}\n        srcset=\"{{getImageSrcset image 1x=(default lqip_size '80w')}}\"\n        {{else}}\n          {{!-- If we don't want a LQIP, use a 1px transparent gif for the stand-in image\n                This requires no additional network request, so it's fast --}}\n        srcset=\"data:image/gif;base64,R0lGODlhAQABAIAAAP///wAAACH5BAEAAAAALAAAAAABAAEAAAICRAEAOw==\"\n        {{/if}}\n    {{/unless}}\n    {{!-- If lazyloading is disabled, just use \"srcset\". If it is not disabled, use \"data-srcset\" so lazysizes will use\n          this after page load --}}\n    {{!--\n    Generate the srcset string using the default sizes defined in the helper. This will allow the browser to\n    pick the best-sized image based on its own understanding of how it will render the page.\n    --}}\n    {{#unless lazyload '==' 'disabled'}}data-{{/unless}}srcset=\"{{getImageSrcset image use_default_sizes=true }}\"\n    {{else if default_image}}src=\"{{cdn default_image}}\"{{/if}}\n    class=\"{{#unless lazyload '==' 'disabled'}}lazyload{{/unless}}{{#if class}} {{class}}{{/if}}\"\n    {{#if lazyload '==' 'lazyload'}}loading=\"lazy\"{{/if}}\n    {{otherAttributes}} />\n","components/common/share":"{{#if settings.add_this.buttons}}\n    <div class=\"addthis_toolbox addthis_32x32_style\" addthis:url=\"{{url}}\"\n         addthis:title=\"{{title}}\">\n        <ul class=\"socialLinks\">\n            {{#each settings.add_this.buttons}}\n                <li class=\"socialLinks-item socialLinks-item--{{service}}\">\n                    <a class=\"addthis_button_{{service}} icon icon--{{service}}\" {{{annotation}}}>\n                        {{#if service '===' 'facebook'}}\n                            <svg>\n                                <use xlink:href=\"#icon-facebook\"/>\n                            </svg>\n                        {{else if service '===' 'email'}}\n                            <svg>\n                                <use xlink:href=\"#icon-envelope\"/>\n                            </svg>\n                        {{else if service '===' 'print'}}\n                            <svg>\n                                <use xlink:href=\"#icon-print\"/>\n                            </svg>\n                        {{else if service '===' 'twitter'}}\n                            <svg>\n                                <use xlink:href=\"#icon-twitter\"/>\n                            </svg>\n                        {{else if service '===' 'linkedin'}}\n                            <svg>\n                                <use xlink:href=\"#icon-linkedin\"/>\n                            </svg>\n                        {{else if service '===' 'google'}}\n                            <svg>\n                                <use xlink:href=\"#icon-google\"/>\n                            </svg>\n                        {{else if service '===' 'pinterest'}}\n                            <svg>\n                                <use xlink:href=\"#icon-pinterest\"/>\n                            </svg>\n                        {{/if}}\n                    </a>\n                </li>\n            {{/each}}\n            <li class=\"socialLinks-item socialLinks-item--facebookLike\">\n                {{#if settings.facebook_like_button.enabled}}\n                    <iframe \n                        class=\"facebook{{#if settings.facebook_like_button.verb '===' 'recommend'}}Recommend{{else}}Like{{/if}}Btn\" \n                        style=\"border:none; overflow:hidden; margin: 0; padding: 0; position:absolute\" \n                        src=\"https://www.facebook.com/plugins/like.php?href={{settings.facebook_like_button.href}}&amp;layout=button_count{{#if settings.facebook_like_button.verb '===' 'recommend'}}&amp;action=recommend{{/if}}&amp;colorscheme=light&amp;height=20\" \n                        scrolling=\"no\" \n                        frameborder=\"0\" \n                        allowTransparency=\"true\">\n                    </iframe>\n                {{/if}} \n            </li>\n        </ul>\n        <script type=\"text/javascript\"\n                defer src=\"//s7.addthis.com/js/300/addthis_widget.js#pubid=ra-4e94ed470ee51e32\"></script>\n        <script>\n            window.addEventListener('DOMContentLoaded', function() {\n                if (typeof(addthis) === \"object\") {\n                    addthis.toolbox('.addthis_toolbox');\n                }\n            });\n        </script>\n    </div>\n{{/if}}\n","components/common/cookie":"<div class=\"cookieMessage\">\n    <div class=\"cookieMessage-container\">\n        <div class=\"cookieMessage-text\">\n            <p>{{settings.privacy_cookie}}</p>\n        </div>\n        <button class=\"button button--primary button--small\" data-privacy-accept>{{lang 'cookies.accept'}}</button>\n    </div>\n</div>\n","components/psdc-common/header":"<header class=\"header\" sticky=\"{{theme_settings.sticky-header}}\" role=\"banner\">\n  <div class=\"header-main\">\n  <div class=\"container\">\n    <div class=\"header-inner\">\n      <div class=\"header-left\">\n        <div class=\"desktop_mobile_menu\">\n          <a class=\"control-otherlinks\" href=\"javascript:void(0);\" onclick=\"\">\n            <span class=\"otherlinks-line-1\"></span>\n            <span class=\"otherlinks-line-2\"></span>\n            <span class=\"otherlinks-line-3\"></span>\n            <span class=\"otherlinks-line-4\"></span>\n          </a>\n        </div>\n        <div class=\"logo-block\">\n          {{#if page_type '===' 'default'}}\n              <h1 class=\"header-logo header-logo--{{theme_settings.logo-position}}\">\n                  {{> components/psdc-common/store-logo}}\n              </h1>\n          {{else}}\n              <div class=\"header-logo header-logo--{{theme_settings.logo-position}}\">\n                  {{> components/psdc-common/store-logo}}\n              </div>\n          {{/if}}\n        </div>\n      </div>\n\n      <div class=\"header-center\">\n        <div class=\"navigation-menu\" data-menu>\n            {{> components/psdc-common/navigation-menu}}\n        </div>\n      </div>\n\n      <div class=\"header-right\">\n          {{> components/psdc-common/navigation}}\n      </div>\n    </div>\n  </div>\n  {{#if currency_selector.currencies.length '>' 1}}\n    <div class=\"header-currancy\">\n        <div class=\"navUser-item currency-item\">\n          <div class=\"currency\">\n            {{> components/psdc-common/currency-selector}}\n          </div>\n        </div>\n    </div>\n  {{/if}}\n</div>\n  <div class=\"mobile-search\">\n    <div class=\"container\">\n      {{> components/psdc-common/quick-search}}\n    </div>\n  </div>\n</header>\n{{{region name=\"header_bottom\"}}}\n","components/common/body":"<div class=\"body\" data-currency-code=\"{{currency_selector.active_currency_code}}\">\n    {{#block \"hero\"}} {{/block}}\n    <div>\n        {{#block \"page\"}} {{/block}}\n    </div>\n    {{> components/common/modal}}\n    {{> components/common/alert-modal}}\n</div>\n","components/psdc-common/footer":"<footer class=\"footer\" role=\"contentinfo\">\n  {{> components/psdc-common/usp-section}}\n  <div class=\"footer-info-inn\">\n    <div class=\"container\">\n      <section class=\"footer-info footer-wrap\">\n        <article class=\"footer-info-col footer-info-col--small footer-store-logo\" data-section-type=\"footer-logo\">\n          <div class=\"logo-block\">\n            <div class=\"footer-logo-img\">\n              <a href=\"{{urls.home}}\">\n                <img class=\"footer-logo-image\" src=\"https://birdandbeanshop.mybigcommerce.com/product_images/uploaded_images/footer-logo.png\" alt=\"{{settings.store_logo.title}}\" title=\"{{settings.store_logo.title}}\">\n              </a>\n            </div>\n            <span class=\"footer-owner-email\">hello@birdandbeanshop.com</span>\n          </div>\n        </article>\n        <article class=\"footer-info-col footer-info-col--small footer-hours\" data-section-type=\"footer-hours\">\n          <div class=\"footer-info--col-inn\">\n            <h5 class=\"footer-info-heading footer-toggle-title\">\n              <strong>{{lang 'footer.hours'}}</strong>\n              <svg class=\"down\"><use xlink:href=\"#icon-keyboard-arrow-down\"></use></svg>\n            </h5>\n            <div class=\"footer-toggle-content\">\n              <h6>Monday-Wednesday: <br /> 10am-7pm <br /> Thursday-Saturday: <br /> 9am-8pm <br /> Sunday: 10am-6pm</h6>\n            </div>\n          </div>\n        </article>\n        {{#if theme_settings.social_icon_placement_bottom '!==' 'bottom_none'}}\n          <article class=\"footer-info-col footer-info-col--small\"\n              data-section-type=\"footer-webPages\">\n                  <h5 class=\"footer-info-heading\">\n                    <!-- {{lang 'social.connect'}} -->\n                  </h5>\n                  {{> components/common/social-links}}\n          </article>\n        {{/if}}\n      </section>\n    </div>\n  </div>\n</footer>\n","components/psdc-common/store-logo":"<a href=\"{{urls.home}}\">\n    {{#if settings.store_logo.image}}\n        {{#if theme_settings.logo_size '===' 'original'}}\n            <img class=\"header-logo-image-unknown-size\" src=\"{{getImage settings.store_logo.image 'logo_size'}}\" alt=\"{{settings.store_logo.title}}\" title=\"{{settings.store_logo.title}}\">\n        {{else}}\n            <div class=\"header-logo-image-container-custom\">\n                <img class=\"header-logo-image-custom\" src=\"{{getImage settings.store_logo.image 'logo_size'}}\" alt=\"{{settings.store_logo.title}}\" title=\"{{settings.store_logo.title}}\">\n            </div>\n        {{/if}}\n    {{else}}\n        <span class=\"header-logo-text\">{{settings.store_logo.title}}</span>\n    {{/if}}\n</a>\n","components/psdc-common/navigation-menu":"<nav class=\"navPages\">\n  <ul class=\"navPages-list{{#if theme_settings.navigation_design '!==' 'simple'}} navPages-list-depth-max{{/if}} sf-menu\" data-speed=\"0.8\">\n\n    {{#if theme_settings.headernavigation '==' \"navcategory\"}}\n        <li class=\"{{#if @last}}last-menu-item{{/if}}\">\n            {{#each categories}}\n                  <li class=\"navPages-item\">\n                    {{> components/psdc-common/navigation-list}}\n                  </li>\n            {{/each}}\n        </li>\n    {{/if}}\n\n\n    {{#if theme_settings.headernavigation '==' \"navwebpage\"}}\n      {{#each pages}}\n           <li class=\"navPages-item navPages-item-page {{#if @last}}last-menu-item{{/if}}\">\n             {{> components/psdc-common/navigation-list}}\n           </li>\n       {{/each}}\n    {{/if}}\n\n{{#if theme_settings.headernavigation '==' \"navboth\"}}\n      <!-- <li class=\"navPages-item\"> -->\n        <!-- <a class=\"navPages-action needsclick\" href=\"/categories\">{{theme_settings.category-menu-name}} <svg><use xlink:href=\"#icon-chevron-down\"></use></svg></a> -->\n        <!-- <ul> -->\n          {{#each categories}}\n            <li class=\"navPages-item {{#and @last (if (length pages) '==' '0')}}last-menu-item{{/and}} nav-arrow-roted\">\n              {{> components/psdc-common/navigation-list}}\n            </li>\n          {{/each}}\n        <!-- </ul> -->\n      <!-- </li> -->\n      {{#each pages}}\n           <li class=\"navPages-item navPages-item-page {{#if @last}}last-menu-item{{/if}}\">\n             {{> components/psdc-common/navigation-list}}\n           </li>\n       {{/each}}\n  {{/if}}\n  </ul>\n</nav>\n","components/psdc-common/navigation":"<nav class=\"navUser\">\n    <ul class=\"navUser-section navUser-section--alt account-section sf-menu\">\n      {{> components/psdc-common/header-account-menu}}\n\n    {{#if theme_settings.EnableProductCompare}}\n      <li class=\"navUser-item navUser-item-compare\">\n          <a class=\"navUser-action navUser-item--compare needsclick\" title=\"Compare\" href=\"{{urls.compare}}\" data-compare-nav>\n            <svg><use xlink:href=\"#icon-compare\"></use></svg>\n            <span class=\"countPill countPill--positive\"></span>\n          </a>\n      </li>\n    {{/if}}\n\n      <li class=\"navUser-item navUser-search\">\n          <a class=\"navUser-action navUser-action--quickSearch\" href=\"javascript:void(0);\" data-search=\"quickSearch\" aria-controls=\"quickSearch\" aria-expanded=\"false\"><svg class=\"search-icon\"><use xlink:href=\"#icon-search\"></use></svg> <svg class=\"search-close\"><use xlink:href=\"#icon-close\"></use></svg></a>\n      </li>\n\n\n      <li class=\"navUser-item navUser-item--cart\">\n          <a  class=\"navUser-action\"\n              data-cart-preview\n              data-dropdown=\"cart-preview-dropdown\"\n              data-options=\"align:right\"\n              href=\"{{urls.cart}}\">\n              <span class=\"navUser-item-cartLabel\">\n                <svg><use xlink:href=\"#icon-cart\"></use></svg>\n              </span> <span class=\"countPill cart-quantity\"></span>\n          </a>\n          <div class=\"dropdown-menu\" id=\"cart-preview-dropdown\" data-dropdown-content aria-hidden=\"true\"></div>\n      </li>\n    </ul>\n\n</nav>\n\n<div class=\"dropdown dropdown--quickSearch\" id=\"quickSearch\" aria-hidden=\"true\" tabindex=\"-1\" data-prevent-quick-search-close>\n    {{> components/psdc-common/quick-search headerSearch='headerSearch'}}\n</div>\n\n<div id=\"headerSidebar\" class=\"header-side-bar\">\n<div class=\"header-side-bar-inn\">\n  <div class=\"close\">\n    <a class=\"close-icon\" href=\"javascript:void(0);\"><svg><use xlink:href=\"#icon-close\"></use></svg></a>\n  </div>\n  <div class=\"category headerSidebar-block\">\n    <h5 class=\"sidebarBlock-heading\">{{lang 'footer.categories'}}</h5>\n    <ul class=\"navList navList-treeview\">\n        {{#each categories}}\n            <li class=\"navPages-item\">\n              {{> components/psdc-common/navigation-list}}\n            </li>\n      {{/each}}\n    </ul>\n  </div>\n  <div class=\"webpages headerSidebar-block\">\n    <h5 class=\"sidebarBlock-heading\">{{lang 'footer.navigate'}}</h5>\n    <ul class=\"navList navList-treeview\">\n      {{#each pages}}\n           <li class=\"navPages-item navPages-item-page\">\n             {{> components/psdc-common/navigation-list}}\n           </li>\n       {{/each}}\n    </ul>\n  </div>\n  <div class=\"brand headerSidebar-block\">\n    <h5 class=\"sidebarBlock-heading\">{{lang 'footer.brands'}}</h5>\n    <ul class=\"navList navList-treeview\">\n      {{#each shop_by_brand}}\n          {{#if @index '<' '5' }}\n            <li class=\"navPages-item\">\n                <a class=\"navPages-action\" href=\"{{url}}\">\n                  <span class=\"nav-arrow\"><svg class=\"\"><use xlink:href=\"#icon-m-right\"></use></svg></span>\n                  {{name}}\n                </a>\n            </li>\n          {{/if}}\n      {{/each}}\n    </ul>\n  </div>\n  <div class=\"brand headerSidebar-block mobile-currancy\">\n    <h5 class=\"sidebarBlock-heading\">{{lang 'common.currency' code=currency_selector.active_currency_code}} <span class=\"flag\">{{{lang 'common.currency-flag' flag=currency_selector.active_currency_flag}}}</span><span class=\"code\">{{lang 'common.currency-code' code=currency_selector.active_currency_code}}</span></h5>\n\n  </div>\n</div>\n\n</div>\n","components/psdc-common/currency-selector":"{{#if currency_selector.currencies.length '>' 1}}\n  <ul class=\"navUser-section sf-menu\">\n      <li class=\"navUser-item currency-heading\">\n        <span>{{lang 'common.currency' code=currency_selector.active_currency_code}}</span>\n      </li>\n      <li class=\"navUser-item navUser-item-currencySelector\">\n          <a class=\"navUser-action navUser-action--currencySelector\" href=\"#\" aria-controls=\"currencySelection\" aria-expanded=\"false\">\n            <span class=\"flag\">{{{lang 'common.currency-flag' flag=currency_selector.active_currency_flag}}}</span><span class=\"code\">{{lang 'common.currency-code' code=currency_selector.active_currency_code}}</span>\n            <i class=\"icon\" aria-hidden=\"true\"><svg><use xlink:href=\"#icon-chevron-down\" /></svg></i>\n          </a>\n          <ul class=\"dropdown-menu\" id=\"currencySelection\" data-dropdown-content aria-hidden=\"true\" tabindex=\"-1\">\n            {{#each currency_selector.currencies}}\n            {{#if is_active \"!=\" true}}\n              <li>\n                  <a href=\"{{{switch_url}}}\">\n                    <span class=\"flag\">{{{flag}}}</span><span class=\"code\">{{name}}</span>\n                  </a>\n              </li>\n            {{/if}}\n          {{/each}}\n          </ul>\n      </li>\n  </ul>\n{{/if}}\n","components/psdc-common/quick-search":"<form class=\"form\" action=\"{{urls.search}}\"  id=\"{{#if headerSearch}}headerQuickSearchForm{{else}}mobileQuickSearchForm{{/if}}\">\n    <fieldset class=\"form-fieldset\">\n        <div class=\"form-field\">\n            <label class=\"is-srOnly\" for=\"search_query\">{{lang \"search.quick_search.input_label\"}}</label>\n            <input class=\"form-input\" data-search-quick name=\"search_query\" id=\"search_query\" data-error-message=\"{{lang 'search.error.empty_field'}}\" placeholder=\"{{lang 'search.quick_search.input_placeholder'}}\" autocomplete=\"off\">\n            <span class=\"search-icon-main\" onclick=\"{{#if headerSearch}}document.getElementById('headerQuickSearchForm').submit();{{else}}document.getElementById('mobileQuickSearchForm').submit();{{/if}}\"><svg class=\"search-icon\"><use xlink:href=\"#icon-search\"></use></svg></span>\n        </div>\n    </fieldset>\n</form>\n<section class=\"quickSearchResults\" data-bind=\"html: results\"></section>\n","components/common/modal":"<div id=\"modal\" class=\"modal\" data-reveal data-prevent-quick-search-close>\n    <a href=\"#\" class=\"modal-close\" aria-label=\"{{lang 'common.close'}}\" role=\"button\">\n        <span aria-hidden=\"true\">&#215;</span>\n    </a>\n    <div class=\"modal-content\"></div>\n    <div class=\"loadingOverlay\"></div>\n</div>\n","components/common/alert-modal":"<div id=\"alert-modal\" class=\"modal modal--alert modal--small\" data-reveal data-prevent-quick-search-close>\n    <div class=\"swal2-icon swal2-error swal2-animate-error-icon\"><span class=\"swal2-x-mark swal2-animate-x-mark\"><span class=\"swal2-x-mark-line-left\"></span><span class=\"swal2-x-mark-line-right\"></span></span></div>\n\n    <div class=\"modal-content\"></div>\n\n    <div class=\"button-container-custom m-t-20\"><button type=\"button\" class=\"confirm button\" data-reveal-close>OK</button></div>\n</div>\n","components/psdc-common/usp-section":"{{#if theme_settings.show_usp '!=' 0}}\n  <div class=\"usp-section m-b-60 {{#if theme_settings.show_usp '==' 0}}usp-section-none{{/if}}\">\n    <div class=\"container\">\n      <ul>\n        {{#if theme_settings.show_usp '>=' 1}}\n          <li class=\"{{#if theme_settings.show_usp '>=' 1}}first{{/if}}\">\n            <div class=\"usp-block\">\n\n              {{#if theme_settings.selected-icon1 '!=' ''}}\n                {{#if theme_settings.selected-icon1 '==' 'SelectOne'}}\n                  {{#if theme_settings.UspImageFirst '!=' ''}}\n                    <div class=\"usp-img\">\n                      <img src=\"/product_images/uploaded_images/{{theme_settings.UspImageFirst}}\" alt=\"\">\n                    </div>\n                  {{/if}}\n                  {{else}}\n                    <div class=\"usp-img\">\n                        <img src=\"{{cdn 'assets/img/usp-icon/'}}{{theme_settings.selected-icon1}}.png\" alt=\"\">\n                    </div>\n                {{/if}}\n              {{/if}}\n\n              <div class=\"usp-detail\">\n                {{#if theme_settings.UspTitleFirst}}\n                  <h5>{{theme_settings.UspTitleFirst}}</h5>\n                {{/if}}\n                {{#if theme_settings.UspTextFirst}}\n                  <p>{{theme_settings.UspTextFirst}}</p>\n                {{/if}}\n              </div>\n            </div>\n          </li>\n        {{/if}}\n        {{#if theme_settings.show_usp '>=' 2}}\n          <li class=\"{{#if theme_settings.show_usp '>=' 2}}second{{/if}}\">\n            <div class=\"usp-block\">\n\n              {{#if theme_settings.selected-icon2 '!=' ''}}\n                {{#if theme_settings.selected-icon2 '==' 'SelectOne'}}\n                  {{#if theme_settings.UspImageSecond '!=' ''}}\n                    <div class=\"usp-img\">\n                      <img src=\"/product_images/uploaded_images/{{theme_settings.UspImageSecond}}\" alt=\"\">\n                    </div>\n                  {{/if}}\n                  {{else}}\n                    <div class=\"usp-img\">\n                        <img src=\"{{cdn 'assets/img/usp-icon/'}}{{theme_settings.selected-icon2}}.png\" alt=\"\">\n                    </div>\n                {{/if}}\n              {{/if}}\n\n              <div class=\"usp-detail\">\n                {{#if theme_settings.UspTitleSecond}}\n                  <h5>{{theme_settings.UspTitleSecond}}</h5>\n                {{/if}}\n                {{#if theme_settings.UspTextSecond}}\n                  <p>{{theme_settings.UspTextSecond}}</p>\n                {{/if}}\n              </div>\n            </div>\n          </li>\n        {{/if}}\n        {{#if theme_settings.show_usp '>=' 3}}\n        <li class=\"{{#if theme_settings.show_usp '>=' 3}}third{{/if}}\">\n          <div class=\"usp-block\">\n\n            {{#if theme_settings.selected-icon3 '!=' ''}}\n              {{#if theme_settings.selected-icon3 '==' 'SelectOne'}}\n                {{#if theme_settings.UspImageThird '!=' ''}}\n                  <div class=\"usp-img\">\n                    <img src=\"/product_images/uploaded_images/{{theme_settings.UspImageThird}}\" alt=\"\">\n                  </div>\n                {{/if}}\n                {{else}}\n                  <div class=\"usp-img\">\n                      <img src=\"{{cdn 'assets/img/usp-icon/'}}{{theme_settings.selected-icon3}}.png\" alt=\"\">\n                  </div>\n              {{/if}}\n            {{/if}}\n\n            <div class=\"usp-detail\">\n              {{#if theme_settings.UspTitleThird}}\n                <h5>{{theme_settings.UspTitleThird}}</h5>\n              {{/if}}\n              {{#if theme_settings.UspTextThird}}\n                <p>{{theme_settings.UspTextThird}}</p>\n              {{/if}}\n            </div>\n          </div>\n        </li>\n        {{/if}}\n        {{#if theme_settings.show_usp '>=' 4}}\n          <li class=\"{{#if theme_settings.show_usp '>=' 4}}fourth{{/if}}\">\n            <div class=\"usp-block\">\n\n              {{#if theme_settings.selected-icon4 '!=' ''}}\n                {{#if theme_settings.selected-icon4 '==' 'SelectOne'}}\n                  {{#if theme_settings.UspImageFour '!=' ''}}\n                    <div class=\"usp-img\">\n                      <img src=\"/product_images/uploaded_images/{{theme_settings.UspImageFour}}\" alt=\"\">\n                    </div>\n                  {{/if}}\n                  {{else}}\n                    <div class=\"usp-img\">\n                        <img src=\"{{cdn 'assets/img/usp-icon/'}}{{theme_settings.selected-icon4}}.png\" alt=\"\">\n                    </div>\n                {{/if}}\n              {{/if}}\n\n              <div class=\"usp-detail\">\n                {{#if theme_settings.UspTitleFour}}\n                  <h5>{{theme_settings.UspTitleFour}}</h5>\n                {{/if}}\n                {{#if theme_settings.UspTextFour}}\n                  <p>{{theme_settings.UspTextFour}}</p>\n                {{/if}}\n              </div>\n            </div>\n          </li>\n        {{/if}}\n      </ul>\n    </div>\n  </div>\n{{/if}}\n","components/common/social-links":"{{#if social_media}}\n    <ul class=\"socialLinks socialLinks--alt\">\n        {{#each social_media}}\n            <li class=\"socialLinks-item\">\n                <a class=\"icon icon--{{display_name}}\" href=\"{{url}}\" target=\"_blank\">\n                    <svg><use xlink:href=\"#icon-{{display_name}}\" /></svg>\n                </a>\n            </li>\n        {{/each}}\n    </ul>\n{{/if}}\n","components/psdc-common/navigation-list":"<!-- SECOND LEVEL STARTS -->\n{{#if children}}\n\n<a class=\"navPages-action\" href=\"{{url}}\" class=\"needsclick\">\n  <span class=\"nav-arrow\"><svg class=\"\"><use xlink:href=\"#icon-m-right\"></use></span>\n    {{name}}\n    <svg class=\"chevron-down\"><use xlink:href=\"#icon-chevron-down\"></use></svg>\n</a>\n<ul class=\"navlist-sub nav-second-level\">\n    {{#each children}}\n    <li>\n        <!-- THIRD LEVEL STARTS -->\n        {{#if children}}\n        <a class=\"navPages-action\" href=\"{{url}}\" class=\"needsclick\">\n          <span class=\"nav-arrow\"><svg class=\"\"><use xlink:href=\"#icon-m-right\"></use></span>\n            {{name}} <svg class=\"chevron-down\"><use xlink:href=\"#icon-chevron-down\"></use></svg>\n        </a>\n        <ul class=\"navlist-sub nav-third-level\">\n            {{#each children}}\n            <li>\n              <!-- FOURTH LEVEL STARTS -->\n              {{#if children}}\n              <a class=\"navPages-action\" href=\"{{url}}\" class=\"needsclick\">\n                <span class=\"nav-arrow\"><svg class=\"\"><use xlink:href=\"#icon-m-right\"></use></span>\n                  {{name}} <svg class=\"chevron-down\"><use xlink:href=\"#icon-chevron-down\"></use></svg>\n              </a>\n              <ul class=\"navlist-sub nav-third-level\">\n                  {{#each children}}\n                  <li>\n                      <a class=\"navPages-action\" href=\"{{url}}\" class=\"needsclick\">{{name}} </a>\n                  </li>\n                  {{/each}}\n              </ul>\n              {{else}}\n                <a class=\"navPages-action\" href=\"{{url}}\" class=\"needsclick\">{{name}}</a>\n              {{/if}}\n              <!-- FOURTH LEVEL STARTS -->\n\n            </li>\n            {{/each}}\n        </ul>\n        {{else}}\n        <a class=\"navPages-action\" href=\"{{url}}\" class=\"needsclick\">\n          <span class=\"nav-arrow\"><svg class=\"\"><use xlink:href=\"#icon-m-right\"></use></span>{{name}}</a>\n        {{/if}}\n        <!-- THIRD LEVEL STARTS -->\n    </li>\n    {{/each}}\n</ul>\n{{else}}\n<a class=\"navPages-action\" href=\"{{url}}\">\n  <span class=\"nav-arrow\"><svg class=\"\"><use xlink:href=\"#icon-m-right\"></use></span>{{name}}</a>\n{{/if}}\n<!-- SECOND LEVEL ENDS -->\n","components/psdc-common/header-account-menu":"<li class=\"navUser-item navUser-item--account\">\n    <a class=\"navUser-action needsclick\" href=\"{{urls.account.index}}\">\n      <svg><use xlink:href=\"#icon-user\"></use></svg>\n      <!-- <span>{{lang 'common.account'}}</span> -->\n    </a>\n    <ul class=\"navUser-section-sub section-sub-right\">\n      {{#if customer}}\n        <li class=\"navUser-item\">\n          <a class=\"navUser-action\" href=\"{{urls.account.index}}\">\n              <svg><use xlink:href=\"#icon-user\"></use></svg><span>{{lang 'common.account'}}</span>\n          </a>\n        </li>\n        <li class=\"navUser-item\">\n            <a class=\"navUser-action needsclick\" href=\"{{urls.auth.logout}}\">\n              <svg><use xlink:href=\"#icon-padlock\"></use></svg><span>{{lang 'common.logout'}}</span>\n            </a>\n        </li>\n      {{else}}\n        <li class=\"navUser-item\">\n          <a class=\"navUser-action needsclick\" href=\"{{urls.auth.login}}\">\n            <svg><use xlink:href=\"#icon-signout\"></use></svg><span>{{lang 'common.login'}}</span>\n          </a>\n        </li>\n        {{#if settings.account_creation_enabled}}\n        <li class=\"navUser-item\">\n          <a class=\"navUser-action needsclick\" href=\"{{urls.auth.create_account}}\">\n            <svg><use xlink:href=\"#icon-register\"></use></svg><span>{{lang 'common.sign_up'}}</span>\n          </a>\n        </li>\n        {{/if}}\n      {{/if}}\n      {{#if settings.gift_certificates_enabled}}\n          <li class=\"navUser-item\">\n              <a class=\"navUser-action needsclick\" href=\"{{urls.gift_certificate.purchase}}\">\n              <svg><use xlink:href=\"#icon-gift-certificate\"></use></svg><span>{{lang 'common.gift_cert'}}</span>\n              </a>\n          </li>\n      {{/if}}\n      {{#if settings.show_wishlist}}\n        <li class=\"navUser-item navUser-item-wishlist\">\n            <a class=\"navUser-action needsclick\" href=\"{{urls.account.wishlists.all}}\">\n              <svg><use xlink:href=\"#icon-wishlist\"></use></svg><span>{{lang 'account.nav.wishlist'}}</span>\n            </a>\n        </li>\n      {{/if}}\n\n      {{#if customer.store_credit.value '>' 0}}\n          <li class=\"navUser-item navUser-item-storeCredit\">\n              <a class=\"navUser-action navUser-action--storeCredit needsclick\" href=\"{{urls.cart}}\">\n                 <span>{{lang 'common.store_credit_overview' credit=customer.store_credit.formatted}}</span>\n              </a>\n          </li>\n      {{/if}}\n\n    </ul>\n</li>\n"}