{"components/products/new":"\n<div class=\"section-title\">\n  <h2 class=\"page-heading\"><strong>{{lang 'products.new' }}</strong></h2>\n  <!-- {{#if theme_settings.NewSubTitle}}\n    <p class=\"page-sub-heading\">{{theme_settings.NewSubTitle}}</p>\n  {{/if}} -->\n</div>\n{{#if settings.data_tag_enabled}}\n    {{> components/products/carousel products=products list=\"New Products\"}}\n{{else}}\n    {{> components/products/carousel products=products}}\n{{/if}}\n<div class=\"section-bottom\">\n  <a href=\"/categories\"><div class=\"btn-view-our-shop\"><span>VIEW OUR SHOP</span></div></a>\n</div>\n","components/products/carousel":"<section class=\"productCarousel slick-not-apply-{{products.length}}\" {{#gt products.length 1}}\n    data-list-name=\"{{list}}\"\n    data-slick='{\n        \"dots\": false,\n        \"infinite\": false,\n        \"mobileFirst\": true,\n        \"slidesToShow\": {{ columns }},\n        \"slidesToScroll\": 3,\n        \"responsive\": [\n                {\n                    \"breakpoint\": 1440,\n                    \"settings\": {\n                        \"slidesToScroll\": 1,\n                        \"slidesToShow\": 4\n                    }\n                },\n                {\n                    \"breakpoint\": 1279,\n                    \"settings\": {\n                      \"slidesToScroll\": 1,\n                      \"slidesToShow\": 4\n                    }\n                },\n                {\n                    \"breakpoint\": 1023,\n                    \"settings\": {\n                      \"slidesToScroll\": 1,\n                      \"slidesToShow\": 3\n                    }\n                },\n                {\n                    \"breakpoint\": 769,\n                    \"settings\": {\n                      \"slidesToScroll\": 2,\n                      \"slidesToShow\": 3,\n                      \"dots\": false,\n                      \"arrows\": false\n                    }\n                },\n                {\n                    \"breakpoint\": 666,\n                    \"settings\": {\n                      \"slidesToScroll\": 2,\n                      \"slidesToShow\": 2.5,\n                      \"draggable\": true,\n                      \"dots\": false,\n                      \"arrows\": false,\n                      \"autoplay\": true,\n                      \"autoplaySpeed\": 4000\n                    }\n                },\n                {\n                    \"breakpoint\": 567,\n                    \"settings\": {\n                      \"slidesToScroll\": 2,\n                      \"slidesToShow\": 2.5,\n                      \"dots\": false,\n                      \"arrows\": false\n                    }\n                },\n                {\n                    \"breakpoint\": 479,\n                    \"settings\": {\n                      \"slidesToScroll\": 1,\n                      \"slidesToShow\": 1.5,\n                      \"draggable\": true,\n                      \"dots\": false,\n                      \"arrows\": false\n                    }\n                },\n                {\n                    \"breakpoint\": 319,\n                    \"settings\": {\n                      \"slidesToScroll\": 1,\n                      \"slidesToShow\": 1.5,\n                      \"draggable\": true,\n                      \"dots\": false,\n                      \"arrows\": false\n                    }\n                }\n            ]\n    }'\n{{/gt}}>\n    {{#each products}}\n    <div class=\"productCarousel-slide\">\n        {{> components/products/card settings=../settings theme_settings=../theme_settings customer=../customer event=\"list\" position=(add @index 1) show_rating=../settings.show_product_rating}}\n    </div>\n    {{/each}}\n</section>\n","components/products/card":"<article class=\"card {{#if alternate}}card--alternate{{/if}}\" {{#if settings.data_tag_enabled}} data-event-type=\"{{event}}\" data-entity-id=\"{{id}}\" data-position=\"{{position}}\" data-name=\"{{name}}\" data-product-category=\"{{#each category}}{{#if @last}}{{this}}{{else}}{{this}}, {{/if}}{{/each}}\" data-product-brand=\"{{brand.name}}\" data-product-price=\"{{#if price.with_tax}}{{price.with_tax.value}}{{else}}{{price.without_tax.value}}{{/if}}\"  {{/if}}>\n  <div class=\"card-inner\">\n    <figure class=\"card-figure\">\n        {{#or price.non_sale_price_with_tax price.non_sale_price_without_tax}}\n            {{#if theme_settings.product_sale_badges '===' 'sash'}}\n                <div class=\"sale-flag-sash\">\n                    <span class=\"sale-text\">Sale</span>\n                </div>\n            {{else if theme_settings.product_sale_badges '===' 'topleft'}}\n                <div class=\"sale-flag-side\">\n                    <span class=\"sale-text\">Sale</span>\n                </div>\n            {{else if theme_settings.product_sale_badges '===' 'burst'}}\n                <div class=\"starwrap\">\n                    <div class=\"sale-text-burst\">Sale</div>\n                    <div class=\"sale-flag-star\"></div>\n                </div>\n            {{/if}}\n        {{/or}}\n        <a href=\"{{url}}\" {{#if settings.data_tag_enabled}} data-event-type=\"product-click\" {{/if}}>\n            <div class=\"card-img-container {{#if image}}show-image{{else}}no-img{{/if}}\">\n                {{> components/common/responsive-img\n                    image=image\n                    class=\"card-image\"\n                    fallback_size=theme_settings.productgallery_size\n                    lazyload=theme_settings.lazyload_mode\n                    default_image=theme_settings.default_image_product\n                }}                \n            </div>\n        </a>\n\n            <div class=\"card-figcaption-body-custom\">\n                {{#unless hide_product_quick_view}}\n                    {{#if theme_settings.show_product_quick_view}}\n                        {{#if settings.data_tag_enabled}}\n                            <a class=\"button button--small card-figcaption-button quickview\" data-event-type=\"product-click\" data-product-id=\"{{id}}\">\n                                <svg><use xlink:href=\"#icon-quickview\"></use></svg>\n                                <!-- {{lang 'products.quick_view'}} -->\n                            </a>\n                        {{else}}\n                            <a class=\"button button--small card-figcaption-button quickview\" data-product-id=\"{{id}}\">\n                                <!-- {{lang 'products.quick_view'}} -->\n                                <svg><use xlink:href=\"#icon-quickview\"></use></svg>\n                            </a>\n                        {{/if}}\n                    {{/if}}\n                {{/unless}}\n                {{#if settings.show_wishlist}}\n                    <a href=\"{{add_to_wishlist_url}}\" class=\"button button--small card-figcaption-button wishlist\"><svg><use xlink:href=\"#icon-wishlist\"></use></svg></a>\n                {{/if}}\n                {{#if theme_settings.EnableProductCompare}}\n                <div>\n                  <a data-tooltip class=\"button button--small card-figcaption-button compare-box card-button compare\" for=\"compare-{{id}}\" data-compare-id=\"{{id}}\"><svg><use xlink:href=\"#icon-compare\"></use></svg></a>\n                </div>\n                {{/if}}\n            </div>\n    </figure>\n    <div class=\"card-body\">\n      <div class=\"card-body-inn\">\n        {{#if brand.name}}\n            <p class=\"card-text brand-name\" data-test-info-type=\"brandName\">{{brand.name}}</p>\n        {{/if}}\n        <div class=\"card-mid-block\">\n          <div class=\"card-button-block\">\n            {{#or customer (if theme_settings.restrict_to_login '!==' true)}}\n                {{#if show_cart_action}}\n                    {{#if has_options}}\n                        <a href=\"{{url}}\" data-event-type=\"product-click\" class=\"button button--small card-figcaption-button\" data-product-id=\"{{id}}\"><svg><use xlink:href=\"#icon-choose-options\"></use></svg><span>{{lang 'products.choose_options'}}</span></a>\n                    {{/if}}\n                    {{#if pre_order}}\n                        <a href=\"{{pre_order_add_to_cart_url}}\" data-event-type=\"product-click\" class=\"button button--small card-figcaption-button\"><svg><use xlink:href=\"#icon-pre-order\"></use></svg><span>{{lang 'products.pre_order'}}</span></a>\n                    {{/if}}\n                    {{#if add_to_cart_url }}\n                        <a href=\"{{add_to_cart_url}}\" data-event-type=\"product-click\" class=\"button button--small card-figcaption-button\"><svg><use xlink:href=\"#icon-add-to-cart\"></use></svg><span>{{lang 'products.add_to_cart'}}</span></a>\n                    {{/if}}\n                    {{#if out_of_stock_message}}\n                        <a href=\"{{url}}\" data-event-type=\"product-click\" class=\"button button--small card-figcaption-button\" data-product-id=\"{{id}}\"><svg><use xlink:href=\"#icon-out-of-stock\"></use></svg><span>{{out_of_stock_message}}</span></a>\n                    {{/if}}\n                {{/if}}\n            {{/or}}\n          </div>\n          <h4 class=\"card-title\">\n            <a href=\"{{url}}\" {{#if settings.data_tag_enabled}} data-event-type=\"product-click\" {{/if}}>{{name}}</a>\n          </h4>\n        </div>\n\n        <div class=\"card-text price-block\" data-test-info-type=\"price\">\n            {{#or customer (if theme_settings.restrict_to_login '!==' true)}}\n                {{> components/psdc-common/price price=price}}\n            {{else}}\n                {{> components/common/login-for-pricing}}\n            {{/or}}\n        </div>\n        {{#if show_rating}}\n            <p class=\"card-text rating-block\" data-test-info-type=\"productRating\">\n                <span class=\"rating--small\">\n                    {{> components/products/ratings rating=rating}}\n                </span>\n            </p>\n        {{/if}}\n        <p class=\"card-summary\">\n            {{#if summary}}{{{ellipsis summary 100}}}{{/if}}\n        </p>\n        {{> components/products/bulk-discount-rates}}\n      </div>\n    </div>\n  </div>\n</article>\n","components/common/responsive-img":"{{!--\n    This file implements the lazysizes srcset pattern (as seen on\n    https://github.com/aFarkas/lazysizes#modern-transparent-srcset-pattern) for maximum performance on modern browsers\n    and reasonable compatibility with legacy browsers.\n    \n    There are a few important arguments to know about when using this component:\n    `lazyload`:\n        - If set to 'lazyload+lqip', will load a low-res image which will be replaced by lazysizes - ensuring that SOME\n        content is shown immediately on page load. Without LQIP, a transparent gif will be used instead, which reduces\n        the number of requests needed to load the page, making it even faster.\n        - If set to 'lazyload', the browser will not load the full-size image at first, instead the lazysizes plugin will\n            load it progressively after page load. This improves the load speed of the page, but it should be disabled for\n            high-priority above-the-fold images.\n        - If set to 'disabled', will not attempt to lazyload the image and instead tell the browser to load it immediately.\n            Use this for high-priority images that are above the fold.\n    \n    `fallback_size`:\n        This is the size to use for this image in legacy browsers that do not support srcset.\n        Can be defined as a pixel bounding-box size (e.g. \"123x123) or inherent width (e.g. \"123w\").\n    \n    `class`:\n        The CSS classes to add to the image, e.g. \"card-image\". If lazyloading is enabled, all images will have the\n        \"lazyload\" class so that lazysizes will target them automatically.\n    \n    `otherAttributes`:\n        Any other HTML attributes you want on the img tag, for example \"height='100' width='100'\"\n    \n    `default_image`:\n        The default image to use if `image` is undefined or falsy. Should be a theme asset, usually defined as a relative\n        path in the theme config. If a default image is not provided, you'll get an image tag with no image if the primary\n        image is undefined.\n    \n    `lqip_size`:\n        If you want to specify a particular size for the LQIP image, you can do so with this argument. A default of 80\n        pixels wide will be used otherwise. This argument has no effect if the lazyload mode is not \"lazyload+lqip\".\n    \n    --}}\n    <img {{#if image}}{{!-- Get the default image for legacy browsers that do not support srcset\n    --}}src=\"{{getImageSrcset image 1x=(default fallback_size '160w')}}\" alt=\"{{image.alt}}\" title=\"{{image.alt}}\" {{!--\n      Allow lazysizes to generate the 'sizes' attribute automatically --}}data-sizes=\"auto\"\n      {{#unless lazyload '==' 'disabled'}}\n        {{#if lazyload '==' 'lazyload+lqip'}}\n        {{!-- If we want a LQIP, include it as the default srcset (will be overwritten by lazysizes) --}}\n        srcset=\"{{getImageSrcset image 1x=(default lqip_size '80w')}}\"\n        {{else}}\n          {{!-- If we don't want a LQIP, use a 1px transparent gif for the stand-in image\n                This requires no additional network request, so it's fast --}}\n        srcset=\"data:image/gif;base64,R0lGODlhAQABAIAAAP///wAAACH5BAEAAAAALAAAAAABAAEAAAICRAEAOw==\"\n        {{/if}}\n    {{/unless}}\n    {{!-- If lazyloading is disabled, just use \"srcset\". If it is not disabled, use \"data-srcset\" so lazysizes will use\n          this after page load --}}\n    {{!--\n    Generate the srcset string using the default sizes defined in the helper. This will allow the browser to\n    pick the best-sized image based on its own understanding of how it will render the page.\n    --}}\n    {{#unless lazyload '==' 'disabled'}}data-{{/unless}}srcset=\"{{getImageSrcset image use_default_sizes=true }}\"\n    {{else if default_image}}src=\"{{cdn default_image}}\"{{/if}}\n    class=\"{{#unless lazyload '==' 'disabled'}}lazyload{{/unless}}{{#if class}} {{class}}{{/if}}\"\n    {{#if lazyload '==' 'lazyload'}}loading=\"lazy\"{{/if}}\n    {{otherAttributes}} />\n","components/psdc-common/price":"{{!-- There are 2 code paths for generating the PDP pricing HTML determined by the following #and condition.\nIf a 'price_range' exists then we generate all HTML in price-range.html, otherwise it is defined here. Both code\npaths generate the same HTML structure with some differences in whether that element is displayed by default (css styling).\n\nIf you are making a change here or in price-range.html, you probably want to make that change in both files. --}}\n\n{{#and price.price_range (if theme_settings.price_ranges '==' true)}}\n    {{> components/products/price-range price=price schema_org=schema_org}}\n{{else}}\n    {{#if price.with_tax}}\n      <div class=\"price-section price-section--withTax\" {{#if schema_org}}itemprop=\"offers\" itemscope itemtype=\"http://schema.org/Offer\"{{/if}}>\n          <span class=\"price-label\" {{#if price.non_sale_price_with_tax}}style=\"display: none;\"{{/if}}>\n              {{theme_settings.pdp-price-label}}\n          </span>\n          <span class=\"price-now-label price-now-label-withtax\" {{#unless price.non_sale_price_with_tax}}style=\"display: none;\"{{/unless}}>\n              {{theme_settings.pdp-sale-price-label}}\n          </span>\n          <span data-product-price-with-tax class=\"price price--withTax\">{{price.with_tax.formatted}}</span>\n          {{#if schema_org}}\n              <meta itemprop=\"availability\" content=\"{{product.availability}}\">\n              <meta itemprop=\"itemCondition\" itemtype=\"http://schema.org/OfferItemCondition\" content=\"http://schema.org/{{product.condition}}Condition\">\n              <div itemprop=\"priceSpecification\" itemscope itemtype=\"http://schema.org/PriceSpecification\">\n                  <meta itemprop=\"price\" content=\"{{price.with_tax.value}}\">\n                  <meta itemprop=\"priceCurrency\" content=\"{{currency_selector.active_currency_code}}\">\n                  <meta itemprop=\"valueAddedTaxIncluded\" content=\"true\">\n              </div>\n          {{/if}}\n          {{#if price.without_tax}}\n              <abbr title=\"{{lang 'products.including_tax'}}\">{{lang 'products.price_with_tax' tax_label=price.tax_label}}</abbr>\n          {{/if}}\n      </div>\n        <div class=\"price-section price-section--withTax rrp-price--withTax\" {{#unless price.rrp_with_tax}}style=\"display: none;\"{{/unless}}>\n          <span class=\"price-now-label\">\n            {{theme_settings.pdp-retail-price-label}}\n          </span>\n            <span data-product-rrp-with-tax class=\"price price--rrp\">\n                {{price.rrp_with_tax.formatted}}\n            </span>\n        </div>\n        <div class=\"price-section price-section--withTax non-sale-price--withTax\" {{#unless price.non_sale_price_with_tax}}style=\"display: none;\"{{/unless}}>\n          <span class=\"price-now-label\">\n            {{theme_settings.pdp-non-sale-price-label}}\n          </span>\n            <span data-product-non-sale-price-with-tax class=\"price price--non-sale\">\n                {{price.non_sale_price_with_tax.formatted}}\n            </span>\n        </div>\n    {{/if}}\n    {{#if price.without_tax}}\n        <div class=\"price-section price-section--withoutTax rrp-price--withoutTax{{#if price.with_tax}} price-section--minor{{/if}}\" {{#unless price.rrp_without_tax}}style=\"display: none;\"{{/unless}}>\n            {{theme_settings.pdp-retail-price-label}}\n            <span data-product-rrp-price-without-tax class=\"price price--rrp\">\n                {{price.rrp_without_tax.formatted}}\n            </span>\n        </div>\n        <div class=\"price-section price-section--withoutTax non-sale-price--withoutTax{{#if price.with_tax}} price-section--minor{{/if}}\" {{#unless price.non_sale_price_without_tax}}style=\"display: none;\"{{/unless}}>\n            {{theme_settings.pdp-non-sale-price-label}}\n            <span data-product-non-sale-price-without-tax class=\"price price--non-sale\">\n                {{price.non_sale_price_without_tax.formatted}}\n            </span>\n        </div>\n        <div class=\"price-section price-section--withoutTax\" {{#if schema_org}}itemprop=\"offers\" itemscope itemtype=\"http://schema.org/Offer\"{{/if}}>\n            <span class=\"price-label\" {{#if price.non_sale_price_without_tax}}style=\"display: none;\"{{/if}}>\n                {{theme_settings.pdp-price-label}}\n            </span>\n            <span class=\"price-now-label\" {{#unless price.non_sale_price_without_tax}}style=\"display: none;\"{{/unless}}>\n                {{theme_settings.pdp-sale-price-label}}\n            </span>\n            <span data-product-price-without-tax class=\"price price--withoutTax{{#if price.with_tax}} price-section--minor{{/if}}\">{{price.without_tax.formatted}}</span>\n            {{#if schema_org}}\n                <meta itemprop=\"availability\" itemtype=\"http://schema.org/ItemAvailability\"\n                    content=\"http://schema.org/{{#if product.pre_order}}PreOrder{{else if product.out_of_stock}}OutOfStock{{else if product.can_purchase '===' false}}OutOfStock{{else}}InStock{{/if}}\">\n                <meta itemprop=\"itemCondition\" itemtype=\"http://schema.org/OfferItemCondition\" content=\"http://schema.org/{{product.condition}}Condition\">\n                <div itemprop=\"priceSpecification\" itemscope itemtype=\"http://schema.org/PriceSpecification\">\n                    <meta itemprop=\"price\" content=\"{{price.without_tax.value}}\">\n                    <meta itemprop=\"priceCurrency\" content=\"{{currency_selector.active_currency_code}}\">\n                    <meta itemprop=\"valueAddedTaxIncluded\" content=\"false\">\n                </div>\n            {{/if}}\n            {{#if price.with_tax}}\n                <abbr title=\"{{lang 'products.excluding_tax'}}\">{{lang 'products.price_without_tax' tax_label=price.tax_label}}</abbr>\n            {{/if}}\n        </div>\n    {{/if}}\n    {{#if page_type '===' 'product'}}\n         <div class=\"price-section price-section--saving price\" {{#unless price.saved}}style=\"display: none;\"{{/unless}}>\n                <span class=\"price\">{{lang 'products.you_save_opening_text'}}</span>\n                <span data-product-price-saved class=\"price price--saving\">{{price.saved.formatted}}</span>\n                <span class=\"price\">{{lang 'products.you_save_closing_bracket'}}</span>\n         </div>\n    {{/if}}\n{{/and}}\n","components/common/login-for-pricing":"<p translate>Log in for pricing</p>\n","components/products/ratings":"{{#for 1 5}}\n    {{#if ../this.rating '>=' $index}}\n        <span class=\"icon icon--ratingFull\">\n            <svg>\n                <use xlink:href=\"#icon-star\" />\n            </svg>\n        </span>\n    {{else}}\n        <span class=\"icon icon--ratingEmpty\">\n            <svg>\n                <use xlink:href=\"#icon-star\" />\n            </svg>\n        </span>\n    {{/if}}\n{{/for}}\n","components/products/bulk-discount-rates":"{{#if bulk_discount_rates.length}}\n    {{#if product}}<dt class=\"productView-info-name\">{{lang 'products.bulk_pricing.title'}}</dt>{{/if}}\n    <dd class=\"productView-info-value\">\n        <a href=\"{{product.url}}#bulk_pricing\" {{#unless is_ajax }}data-reveal-id=\"modal-bulk-pricing\"{{/unless}}> {{lang 'products.bulk_pricing.view'}} </a>\n    </dd>\n    <div id=\"modal-bulk-pricing\" class=\"modal modal--small\" data-reveal>\n        <div class=\"modal-header\">\n            <h2 class=\"modal-header-title\">{{lang 'products.bulk_pricing.modal_title'}}</h2>\n            <a href=\"#\" class=\"modal-close\" aria-label=\"Close\"><span aria-hidden=\"true\">&#215;</span></a>\n        </div>\n        <div class=\"modal-body\">\n            <p>{{lang 'products.bulk_pricing.instructions'}}</p>\n            <ul>\n                {{#each bulk_discount_rates}}\n                <li>\n                    {{lang 'products.bulk_pricing.range' min=min max=max}}\n                    {{#if type '===' 'percent'}}\n                    {{lang 'products.bulk_pricing.percent' discount=discount.formatted}}\n                    {{else if type '===' 'fixed'}}\n                    {{lang 'products.bulk_pricing.fixed' discount=discount.formatted}}\n                    {{else if type '===' 'price'}}\n                    {{lang 'products.bulk_pricing.price' discount=discount.formatted}}\n                    {{/if}}\n                </li>\n                {{/each}}\n            </ul>\n        </div>\n    </div>\n{{/if}}\n","components/products/price-range":"{{#and price.retail_price_range.min.with_tax price.retail_price_range.max.with_tax}}\n    <div class=\"price-section price-section--withTax rrp-price--withTax\">\n        {{theme_settings.pdp-retail-price-label}}\n        <span data-product-rrp-price-with-tax class=\"price price--rrp\">{{price.retail_price_range.min.with_tax.formatted}} - {{price.retail_price_range.max.with_tax.formatted}}</span>\n    </div>\n{{else}}\n    {{#if price.with_tax}}\n        <div class=\"price-section price-section--withTax rrp-price--withTax\" style=\"display: none;\">\n            {{theme_settings.pdp-retail-price-label}}\n            <span data-product-rrp-with-tax class=\"price price--rrp\">\n                {{price.rrp_with_tax.formatted}}\n            </span>\n        </div>\n    {{/if}}\n{{/and}}\n{{#and price.price_range.min.with_tax price.price_range.max.with_tax}}\n    {{!-- Never display the \"non-sales price\" if there is a price range to be shown, but we do want the element on the page --}}\n    <div class=\"price-section price-section--withTax non-sale-price--withTax\" style=\"display: none;\">\n        {{theme_settings.pdp-non-sale-price-label}}\n        <span data-product-non-sale-price-with-tax class=\"price price--non-sale\">\n            {{price.non_sale_price_with_tax.formatted}}\n        </span>\n    </div>\n    <div class=\"price-section price-section--withTax\" {{#if schema_org}}itemprop=\"offers\" itemscope itemtype=\"http://schema.org/Offer\"{{/if}}>\n        <span class=\"price-label\">{{theme_settings.pdp-price-label}}</span>\n        <span class=\"price-now-label\" style=\"display: none;\">{{theme_settings.pdp-sale-price-label}}</span>\n        <span data-product-price-with-tax class=\"price price--withTax\">{{price.price_range.min.with_tax.formatted}} - {{price.price_range.max.with_tax.formatted}}</span>\n        {{#and price.price_range.min.without_tax price.price_range.max.without_tax}}\n            <abbr title=\"{{lang 'products.including_tax'}}\">{{lang 'products.price_with_tax' tax_label=price.price_range.min.tax_label}}</abbr>\n        {{/and}}\n        {{#if schema_org}}\n            <meta itemprop=\"availability\" itemtype=\"http://schema.org/ItemAvailability\" content=\"http://schema.org/{{#if product.pre_order}}PreOrder{{else if product.out_of_stock}}OutOfStock{{else if product.can_purchase '===' false}}OutOfStock{{else}}InStock{{/if}}\">\n            <meta itemprop=\"itemCondition\" itemtype=\"http://schema.org/OfferItemCondition\" content=\"http://schema.org/{{product.condition}}Condition\">\n            <meta itemprop=\"priceCurrency\" content=\"{{currency_selector.active_currency_code}}\">\n            <meta itemprop=\"url\" content=\"{{product.url}}\">\n            <div itemprop=\"priceSpecification\" itemscope itemtype=\"http://schema.org/PriceSpecification\">\n                <meta itemprop=\"minPrice\" content=\"{{price_range.min.with_tax.value}}\"  />\n                <meta itemprop=\"price\" content=\"{{price_range.min.with_tax.value}}\">\n                <meta itemprop=\"maxPrice\" content=\"{{price_range.max.with_tax.value}}\"  />\n                <meta itemprop=\"priceCurrency\" content=\"{{currency_selector.active_currency_code}}\">\n                <meta itemprop=\"valueAddedTaxIncluded\" content=\"true\">\n            </div>\n        {{/if}}\n    </div>\n{{/and}}\n{{#and price.retail_price_range.min.without_tax price.retail_price_range.max.without_tax}}\n    <div class=\"price-section price-section--withoutTax rrp-price--withoutTax{{#if price.with_tax}} price-section--minor{{/if}}\">\n        {{theme_settings.pdp-retail-price-label}}\n        <span data-product-rrp-price-without-tax class=\"price price--rrp\">{{price.retail_price_range.min.without_tax.formatted}} - {{price.retail_price_range.max.without_tax.formatted}}</span>\n    </div>\n{{else}}\n    {{#if price.without_tax}}\n        <div class=\"price-section price-section--withoutTax rrp-price--withoutTax{{#if price.with_tax}} price-section--minor{{/if}}\" style=\"display: none;\">\n            {{theme_settings.pdp-retail-price-label}}\n            <span data-product-rrp-price-without-tax class=\"price price--rrp\">\n                {{price.rrp_without_tax.formatted}}\n            </span>\n        </div>\n    {{/if}}\n{{/and}}\n{{#and price.price_range.min.without_tax price.price_range.max.without_tax}}\n    {{!-- Never display the \"non-sales price\" if there is a price range to be shown, but we do want the element on the page --}}\n    <div class=\"price-section price-section--withoutTax non-sale-price--withoutTax{{#if price.with_tax}} price-section--minor{{/if}}\" style=\"display: none;\">\n        {{theme_settings.pdp-non-sale-price-label}}\n        <span data-product-non-sale-price-without-tax class=\"price price--non-sale\">\n            {{price.non_sale_price_without_tax.formatted}}\n        </span>\n    </div>\n    <div class=\"price-section price-section--withoutTax{{#and price_range.min.with_tax price_range.max.with_tax}} price-section--minor{{/and}}\" {{#if schema_org}}itemprop=\"offers\" itemscope itemtype=\"http://schema.org/Offer\"{{/if}}>\n        <span class=\"price-label\">{{theme_settings.pdp-price-label}}</span>\n        <span class=\"price-now-label\" style=\"display: none;\">{{theme_settings.pdp-sale-price-label}}</span>\n        <span data-product-price-without-tax class=\"price price--withoutTax\">{{price.price_range.min.without_tax.formatted}} - {{price.price_range.max.without_tax.formatted}}</span>\n        {{#and price.price_range.min.with_tax price.price_range.max.with_tax}}\n            <abbr title=\"{{lang 'products.excluding_tax'}}\">{{lang 'products.price_without_tax' tax_label=price.price_range.min.tax_label}}</abbr>\n        {{/and}}\n        {{#if schema_org}}\n            <meta itemprop=\"availability\" itemtype=\"http://schema.org/ItemAvailability\"\n            content=\"http://schema.org/{{#if product.pre_order}}PreOrder{{else if product.out_of_stock}}OutOfStock{{else if product.can_purchase '===' false}}OutOfStock{{else}}InStock{{/if}}\">\n            <meta itemprop=\"itemCondition\" itemtype=\"http://schema.org/OfferItemCondition\" content=\"http://schema.org/{{product.condition}}Condition\">\n            <meta itemprop=\"priceCurrency\" content=\"{{currency_selector.active_currency_code}}\">\n            <meta itemprop=\"url\" content=\"{{product.url}}\">\n            <div itemprop=\"priceSpecification\" itemscope itemtype=\"http://schema.org/PriceSpecification\">\n                <meta itemprop=\"minPrice\" content=\"{{price.price_range.min.without_tax.value}}\"  />\n                <meta itemprop=\"price\" content=\"{{price.price_range.min.without_tax.value}}\">\n                <meta itemprop=\"maxPrice\" content=\"{{price.price_range.max.without_tax.value}}\"  />\n                <meta itemprop=\"priceCurrency\" content=\"{{currency_selector.active_currency_code}}\">\n                <meta itemprop=\"valueAddedTaxIncluded\" content=\"false\">\n            </div>\n        {{/if}}\n    </div>\n{{/and}}\n\n{{!-- Never display the \"saving price\" element by default if there is a price range on the page to be shown --}}\n{{#if page_type '===' 'product'}}\n     <div class=\"price-section price-section--saving price\" style=\"display: none;\">\n            <span class=\"price\">{{lang 'products.you_save_opening_text'}}</span>\n            <span data-product-price-saved class=\"price price--saving\">\n                {{price.saved.formatted}}\n            </span>\n            <span class=\"price\">{{lang 'products.you_save_closing_bracket'}}</span>\n     </div>\n{{/if}}\n"}