{"pages/page":"{{#partial \"page\"}}\n\n{{> components/common/breadcrumbs breadcrumbs=breadcrumbs}}\n\n{{#unless theme_settings.hide_page_heading }}\n    <h1 class=\"page-heading\">{{ page.title }}</h1>\n{{/unless}}\n\n<main class=\"page\">\n\n    {{#if pages}}\n      <aside class=\"page-sidebar\">\n        {{> components/psdc-common/page-sidebar-block}}\n      </aside>\n    {{/if}}\n\n    <div class=\"page-content page-content--centered\">\n        {{#replace '%%Syndicate%%' page.content}}\n            {{> components/page/rss_feed}}\n        {{else}}\n            <p>{{{page.content}}}</p>            \n        {{/replace}}\n    </div>\n\n    {{#if page.feed}}\n        <ul>\n            {{#each page.feed}}\n                <li>\n                    <h6><a href=\"{{url}}\" target=\"_blank\">{{title}}</a></h6>\n                    <p>{{content}}</p>\n                </li>\n            {{/each}}\n        </ul>\n    {{/if}}\n</main>\n\n{{/partial}}\n\n{{> layout/base}}\n","components/common/breadcrumbs":"<ul class=\"breadcrumbs\" itemscope itemtype=\"http://schema.org/BreadcrumbList\">\n    {{#unless theme_settings.hide_breadcrumbs }}\n        {{#each breadcrumbs}}\n            <li class=\"breadcrumb {{#if @last}}is-active{{/if}}\" itemprop=\"itemListElement\" itemscope itemtype=\"http://schema.org/ListItem\">\n                {{#or @last (if url \"==\" null)}}\n                    <meta itemprop=\"item\" content=\"{{url}}\">\n                    <span class=\"breadcrumb-label\" itemprop=\"name\">{{name}}</span>\n                {{else}}\n                    <a href=\"{{url}}\" class=\"breadcrumb-label\" itemprop=\"item\"><span itemprop=\"name\">{{name}}</span></a>\n                {{/or}}\n                <meta itemprop=\"position\" content=\"{{add @index 1}}\" />\n            </li>\n        {{/each}}\n    {{/unless}}\n</ul>\n","components/psdc-common/page-sidebar-block":"\n{{#if page}}\n<div class=\"sidebarBlock page-sidebar-block\">\n  <h5 class=\"sidebarBlock-heading sidebar-toggle-title\">{{lang 'footer.navigate'}}\n    <div class=\"accordion-navigation-actions\">\n        <svg class=\"down\"><use xlink:href=\"#icon-keyboard-arrow-down\"></use></svg>\n        <svg class=\"up\"><use xlink:href=\"#icon-keyboard-arrow-up\"></use></svg>\n    </div>\n  </h5>\n  <ul class=\"navList navList-treeview sidebar-toggle-content\">\n    {{#each pages}}\n        <li class=\"navList-item\">{{> components/psdc-common/navigation-list}}</li>\n    {{/each}}\n  </ul>\n</div>\n{{/if}}\n","components/page/rss_feed":"<p>{{lang 'page.rss.intro'}}</p>\n\n{{#if urls.rss.blog}}\n    <h2>{{lang 'page.rss.blog.heading'}}</h2>\n    <p>\n        {{lang 'page.rss.blog.intro' limit=settings.rss_item_limit store=settings.store_name}}\n    </p>\n    <ul>\n        <li>\n            <a href=\"{{urls.rss.blog}}\">{{lang 'page.rss.blog.rss' limit=settings.rss_item_limit}}</a>\n        </li>\n        <li>\n            <a href=\"{{urls.rss.blog_atom}}\">{{lang 'page.rss.blog.rss_atom' limit=settings.rss_item_limit}}</a>\n        </li>\n    </ul>\n{{/if}}\n{{#if urls.rss.products.new}}\n    <h2>{{lang 'page.rss.products.new.heading'}}</h2>\n    <p>\n        {{lang 'page.rss.products.new.intro' limit=settings.rss_item_limit store=settings.store_name}}\n    </p>\n    <ul>\n        <li>\n            <a href=\"{{urls.rss.products.new}}\">{{lang 'page.rss.products.new.rss' limit=settings.rss_item_limit}}</a>\n        </li>\n        <li>\n            <a href=\"{{urls.rss.products.new_atom}}\">{{lang 'page.rss.products.new.rss_atom' limit=settings.rss_item_limit}}</a>\n        </li>\n    </ul>\n{{/if}}\n{{#if urls.rss.products.popular}}\n    <h2>{{lang 'page.rss.products.popular.heading'}}</h2>\n    <p>\n        {{lang 'page.rss.products.popular.intro' limit=settings.rss_item_limit store=settings.store_name}}\n    </p>\n    <ul>\n        <li>\n            <a href=\"{{urls.rss.products.popular}}\">{{lang 'page.rss.products.popular.rss' limit=settings.rss_item_limit}}</a>\n        </li>\n        <li>\n            <a href=\"{{urls.rss.products.popular_atom}}\">{{lang 'page.rss.products.popular.rss_atom' limit=settings.rss_item_limit}}</a>\n        </li>\n    </ul>\n{{/if}}\n{{#if urls.rss.products.featured}}\n    <h2>{{lang 'page.rss.products.featured.heading'}}</h2>\n    <p>\n        {{lang 'page.rss.products.featured.intro' limit=settings.rss_item_limit store=settings.store_name}}\n    </p>\n    <ul>\n        <li>\n            <a href=\"{{urls.rss.products.featured}}\">{{lang 'page.rss.products.featured.rss' limit=settings.rss_item_limit}}</a>\n        </li>\n        <li>\n            <a href=\"{{urls.rss.products.featured_atom}}\">{{lang 'page.rss.products.featured.rss_atom' limit=settings.rss_item_limit}}</a>\n        </li>\n    </ul>\n{{/if}}\n{{#if urls.rss.products.search}}\n    <h2>{{lang 'page.rss.search.heading'}}</h2>\n    <p>\n        {{lang 'page.rss.search.intro1'}}\n    </p>\n    <p>\n        {{lang 'page.rss.search.intro2' store=settings.store_name}}\n    </p>\n{{/if}}\n","layout/base":"<!DOCTYPE html>\n<html class=\"no-js\" lang=\"{{ locale_name }}\">\n    <head>\n        <title>{{ head.title }}</title>\n        {{{ resourceHints }}}\n        {{{ head.meta_tags }}}\n        {{{ head.config }}}\n        {{#block \"head\"}} {{/block}}\n\n        <link href=\"{{ head.favicon }}\" rel=\"shortcut icon\">\n        <meta name=\"viewport\" content=\"width=device-width, initial-scale=1, maximum-scale=1\">\n\n        <script>\n            {{!-- Change document class from no-js to js so we can detect this in css --}}\n            document.documentElement.className = document.documentElement.className.replace('no-js', 'js');\n        </script>\n\n        {{!-- Load Lazysizes script ASAP so images will appear --}}\n        <script>\n            {{!-- Only load visible elements until the onload event fires, after which preload nearby elements. --}}\n            window.lazySizesConfig = window.lazySizesConfig || {};\n            window.lazySizesConfig.loadMode = 1;\n        </script>\n        <script async src=\"{{cdn 'assets/dist/theme-bundle.head_async.js'}}\"></script>\n\n        {{ getFontsCollection }}\n        {{{stylesheet '/assets/css/theme.css'}}}\n\n        {{{head.scripts}}}\n\n        {{~inject 'themeSettings' theme_settings}}\n        {{~inject 'genericError' (lang 'common.generic_error')}}\n        {{~inject 'maintenanceMode' settings.maintenance}}\n        {{~inject 'urls' urls}}\n        {{~inject 'secureBaseUrl' settings.secure_base_url}}\n        {{~inject 'cartId' cart_id}}\n        {{~inject 'template' template}}\n\n        {{inject 'compareRequireMessage' (lang 'compare.no_remove')}}\n        {{inject 'NoItemToCompare' (lang 'compare.no_item_compare')}}\n        {{inject 'CompareSuccessMessage' (lang 'compare.item_successfully_added')}}\n        {{inject 'CompareAlreadyAdded' (lang 'compare.item_already_added')}}\n        {{inject 'CompareLimitMessage' (lang 'compare.more_than_4item')}}\n        {{inject 'CompareNotFunction' (lang 'compare.not_functioning')}}\n        {{inject 'CompareRemoveMessage' (lang 'compare.item_successfully_removed')}}\n\n    </head>\n    <body class=\"type-{{page_type}}\">\n        <svg data-src=\"{{cdn 'img/icon-sprite.svg'}}\" class=\"icons-svg-sprite\"></svg>\n\n        {{~#and settings.privacy_cookie settings.is_eu_ip_address}}\n            {{> components/common/cookie}}\n        {{/and}}\n\n        {{> components/psdc-common/header }}\n        {{> components/common/body }}\n        {{> components/psdc-common/footer }}\n\n        <script>window.__webpack_public_path__ = \"{{cdn 'assets/dist/'}}\";</script>\n        <script src=\"https://apps.elfsight.com/p/platform.js\" defer></script>\n        <script src=\"{{cdn 'assets/dist/theme-bundle.main.js'}}\"></script>\n        <script>\n            {{!-- Exported in app.js --}}\n            window.stencilBootstrap(\"{{page_type}}\", {{jsContext}}).load();\n        </script>\n\n        {{{footer.scripts}}}\n    </body>\n</html>\n","components/psdc-common/navigation-list":"<!-- SECOND LEVEL STARTS -->\n{{#if children}}\n\n<a class=\"navPages-action\" href=\"{{url}}\" class=\"needsclick\">\n  <span class=\"nav-arrow\"><svg class=\"\"><use xlink:href=\"#icon-m-right\"></use></span>\n    {{name}}\n    <svg class=\"chevron-down\"><use xlink:href=\"#icon-chevron-down\"></use></svg>\n</a>\n<ul class=\"navlist-sub nav-second-level\">\n    {{#each children}}\n    <li>\n        <!-- THIRD LEVEL STARTS -->\n        {{#if children}}\n        <a class=\"navPages-action\" href=\"{{url}}\" class=\"needsclick\">\n          <span class=\"nav-arrow\"><svg class=\"\"><use xlink:href=\"#icon-m-right\"></use></span>\n            {{name}} <svg class=\"chevron-down\"><use xlink:href=\"#icon-chevron-down\"></use></svg>\n        </a>\n        <ul class=\"navlist-sub nav-third-level\">\n            {{#each children}}\n            <li>\n              <!-- FOURTH LEVEL STARTS -->\n              {{#if children}}\n              <a class=\"navPages-action\" href=\"{{url}}\" class=\"needsclick\">\n                <span class=\"nav-arrow\"><svg class=\"\"><use xlink:href=\"#icon-m-right\"></use></span>\n                  {{name}} <svg class=\"chevron-down\"><use xlink:href=\"#icon-chevron-down\"></use></svg>\n              </a>\n              <ul class=\"navlist-sub nav-third-level\">\n                  {{#each children}}\n                  <li>\n                      <a class=\"navPages-action\" href=\"{{url}}\" class=\"needsclick\">{{name}} </a>\n                  </li>\n                  {{/each}}\n              </ul>\n              {{else}}\n                <a class=\"navPages-action\" href=\"{{url}}\" class=\"needsclick\">{{name}}</a>\n              {{/if}}\n              <!-- FOURTH LEVEL STARTS -->\n\n            </li>\n            {{/each}}\n        </ul>\n        {{else}}\n        <a class=\"navPages-action\" href=\"{{url}}\" class=\"needsclick\">\n          <span class=\"nav-arrow\"><svg class=\"\"><use xlink:href=\"#icon-m-right\"></use></span>{{name}}</a>\n        {{/if}}\n        <!-- THIRD LEVEL STARTS -->\n    </li>\n    {{/each}}\n</ul>\n{{else}}\n<a class=\"navPages-action\" href=\"{{url}}\">\n  <span class=\"nav-arrow\"><svg class=\"\"><use xlink:href=\"#icon-m-right\"></use></span>{{name}}</a>\n{{/if}}\n<!-- SECOND LEVEL ENDS -->\n","components/common/cookie":"<div class=\"cookieMessage\">\n    <div class=\"cookieMessage-container\">\n        <div class=\"cookieMessage-text\">\n            <p>{{settings.privacy_cookie}}</p>\n        </div>\n        <button class=\"button button--primary button--small\" data-privacy-accept>{{lang 'cookies.accept'}}</button>\n    </div>\n</div>\n","components/psdc-common/header":"<header class=\"header\" sticky=\"{{theme_settings.sticky-header}}\" role=\"banner\">\n  <div class=\"header-main\">\n  <div class=\"container\">\n    <div class=\"header-inner\">\n      <div class=\"header-left\">\n        <div class=\"desktop_mobile_menu\">\n          <a class=\"control-otherlinks\" href=\"javascript:void(0);\" onclick=\"\">\n            <span class=\"otherlinks-line-1\"></span>\n            <span class=\"otherlinks-line-2\"></span>\n            <span class=\"otherlinks-line-3\"></span>\n            <span class=\"otherlinks-line-4\"></span>\n          </a>\n        </div>\n        <div class=\"logo-block\">\n          {{#if page_type '===' 'default'}}\n              <h1 class=\"header-logo header-logo--{{theme_settings.logo-position}}\">\n                  {{> components/psdc-common/store-logo}}\n              </h1>\n          {{else}}\n              <div class=\"header-logo header-logo--{{theme_settings.logo-position}}\">\n                  {{> components/psdc-common/store-logo}}\n              </div>\n          {{/if}}\n        </div>\n      </div>\n\n      <div class=\"header-center\">\n        <div class=\"navigation-menu\" data-menu>\n            {{> components/psdc-common/navigation-menu}}\n        </div>\n      </div>\n\n      <div class=\"header-right\">\n          {{> components/psdc-common/navigation}}\n      </div>\n    </div>\n  </div>\n  {{#if currency_selector.currencies.length '>' 1}}\n    <div class=\"header-currancy\">\n        <div class=\"navUser-item currency-item\">\n          <div class=\"currency\">\n            {{> components/psdc-common/currency-selector}}\n          </div>\n        </div>\n    </div>\n  {{/if}}\n</div>\n  <div class=\"mobile-search\">\n    <div class=\"container\">\n      {{> components/psdc-common/quick-search}}\n    </div>\n  </div>\n</header>\n{{{region name=\"header_bottom\"}}}\n","components/common/body":"<div class=\"body\" data-currency-code=\"{{currency_selector.active_currency_code}}\">\n    {{#block \"hero\"}} {{/block}}\n    <div>\n        {{#block \"page\"}} {{/block}}\n    </div>\n    {{> components/common/modal}}\n    {{> components/common/alert-modal}}\n</div>\n","components/psdc-common/footer":"<footer class=\"footer\" role=\"contentinfo\">\n  {{> components/psdc-common/usp-section}}\n  <div class=\"footer-info-inn\">\n    <div class=\"container\">\n      <section class=\"footer-info footer-wrap\">\n        <article class=\"footer-info-col footer-info-col--small footer-store-logo\" data-section-type=\"footer-logo\">\n          <div class=\"logo-block\">\n            <div class=\"footer-logo-img\">\n              <a href=\"{{urls.home}}\">\n                <img class=\"footer-logo-image\" src=\"https://birdandbeanshop.mybigcommerce.com/product_images/uploaded_images/footer-logo.png\" alt=\"{{settings.store_logo.title}}\" title=\"{{settings.store_logo.title}}\">\n              </a>\n            </div>\n            <span class=\"footer-owner-email\">hello@birdandbeanshop.com</span>\n          </div>\n        </article>\n        <article class=\"footer-info-col footer-info-col--small footer-hours\" data-section-type=\"footer-hours\">\n          <div class=\"footer-info--col-inn\">\n            <h5 class=\"footer-info-heading footer-toggle-title\">\n              <strong>{{lang 'footer.hours'}}</strong>\n              <svg class=\"down\"><use xlink:href=\"#icon-keyboard-arrow-down\"></use></svg>\n            </h5>\n            <div class=\"footer-toggle-content\">\n              <h6>Monday-Wednesday: <br /> 10am-7pm <br /> Thursday-Saturday: <br /> 9am-8pm <br /> Sunday: 10am-6pm</h6>\n            </div>\n          </div>\n        </article>\n        {{#if theme_settings.social_icon_placement_bottom '!==' 'bottom_none'}}\n          <article class=\"footer-info-col footer-info-col--small\"\n              data-section-type=\"footer-webPages\">\n                  <h5 class=\"footer-info-heading\">\n                    <!-- {{lang 'social.connect'}} -->\n                  </h5>\n                  {{> components/common/social-links}}\n          </article>\n        {{/if}}\n      </section>\n    </div>\n  </div>\n</footer>\n","components/psdc-common/store-logo":"<a href=\"{{urls.home}}\">\n    {{#if settings.store_logo.image}}\n        {{#if theme_settings.logo_size '===' 'original'}}\n            <img class=\"header-logo-image-unknown-size\" src=\"{{getImage settings.store_logo.image 'logo_size'}}\" alt=\"{{settings.store_logo.title}}\" title=\"{{settings.store_logo.title}}\">\n        {{else}}\n            <div class=\"header-logo-image-container-custom\">\n                <img class=\"header-logo-image-custom\" src=\"{{getImage settings.store_logo.image 'logo_size'}}\" alt=\"{{settings.store_logo.title}}\" title=\"{{settings.store_logo.title}}\">\n            </div>\n        {{/if}}\n    {{else}}\n        <span class=\"header-logo-text\">{{settings.store_logo.title}}</span>\n    {{/if}}\n</a>\n","components/psdc-common/navigation-menu":"<nav class=\"navPages\">\n  <ul class=\"navPages-list{{#if theme_settings.navigation_design '!==' 'simple'}} navPages-list-depth-max{{/if}} sf-menu\" data-speed=\"0.8\">\n\n    {{#if theme_settings.headernavigation '==' \"navcategory\"}}\n        <li class=\"{{#if @last}}last-menu-item{{/if}}\">\n            {{#each categories}}\n                  <li class=\"navPages-item\">\n                    {{> components/psdc-common/navigation-list}}\n                  </li>\n            {{/each}}\n        </li>\n    {{/if}}\n\n\n    {{#if theme_settings.headernavigation '==' \"navwebpage\"}}\n      {{#each pages}}\n           <li class=\"navPages-item navPages-item-page {{#if @last}}last-menu-item{{/if}}\">\n             {{> components/psdc-common/navigation-list}}\n           </li>\n       {{/each}}\n    {{/if}}\n\n{{#if theme_settings.headernavigation '==' \"navboth\"}}\n      <!-- <li class=\"navPages-item\"> -->\n        <!-- <a class=\"navPages-action needsclick\" href=\"/categories\">{{theme_settings.category-menu-name}} <svg><use xlink:href=\"#icon-chevron-down\"></use></svg></a> -->\n        <!-- <ul> -->\n          {{#each categories}}\n            <li class=\"navPages-item {{#and @last (if (length pages) '==' '0')}}last-menu-item{{/and}} nav-arrow-roted\">\n              {{> components/psdc-common/navigation-list}}\n            </li>\n          {{/each}}\n        <!-- </ul> -->\n      <!-- </li> -->\n      {{#each pages}}\n           <li class=\"navPages-item navPages-item-page {{#if @last}}last-menu-item{{/if}}\">\n             {{> components/psdc-common/navigation-list}}\n           </li>\n       {{/each}}\n  {{/if}}\n  </ul>\n</nav>\n","components/psdc-common/navigation":"<nav class=\"navUser\">\n    <ul class=\"navUser-section navUser-section--alt account-section sf-menu\">\n      {{> components/psdc-common/header-account-menu}}\n\n    {{#if theme_settings.EnableProductCompare}}\n      <li class=\"navUser-item navUser-item-compare\">\n          <a class=\"navUser-action navUser-item--compare needsclick\" title=\"Compare\" href=\"{{urls.compare}}\" data-compare-nav>\n            <svg><use xlink:href=\"#icon-compare\"></use></svg>\n            <span class=\"countPill countPill--positive\"></span>\n          </a>\n      </li>\n    {{/if}}\n\n      <li class=\"navUser-item navUser-search\">\n          <a class=\"navUser-action navUser-action--quickSearch\" href=\"javascript:void(0);\" data-search=\"quickSearch\" aria-controls=\"quickSearch\" aria-expanded=\"false\"><svg class=\"search-icon\"><use xlink:href=\"#icon-search\"></use></svg> <svg class=\"search-close\"><use xlink:href=\"#icon-close\"></use></svg></a>\n      </li>\n\n\n      <li class=\"navUser-item navUser-item--cart\">\n          <a  class=\"navUser-action\"\n              data-cart-preview\n              data-dropdown=\"cart-preview-dropdown\"\n              data-options=\"align:right\"\n              href=\"{{urls.cart}}\">\n              <span class=\"navUser-item-cartLabel\">\n                <svg><use xlink:href=\"#icon-cart\"></use></svg>\n              </span> <span class=\"countPill cart-quantity\"></span>\n          </a>\n          <div class=\"dropdown-menu\" id=\"cart-preview-dropdown\" data-dropdown-content aria-hidden=\"true\"></div>\n      </li>\n    </ul>\n\n</nav>\n\n<div class=\"dropdown dropdown--quickSearch\" id=\"quickSearch\" aria-hidden=\"true\" tabindex=\"-1\" data-prevent-quick-search-close>\n    {{> components/psdc-common/quick-search headerSearch='headerSearch'}}\n</div>\n\n<div id=\"headerSidebar\" class=\"header-side-bar\">\n<div class=\"header-side-bar-inn\">\n  <div class=\"close\">\n    <a class=\"close-icon\" href=\"javascript:void(0);\"><svg><use xlink:href=\"#icon-close\"></use></svg></a>\n  </div>\n  <div class=\"category headerSidebar-block\">\n    <h5 class=\"sidebarBlock-heading\">{{lang 'footer.categories'}}</h5>\n    <ul class=\"navList navList-treeview\">\n        {{#each categories}}\n            <li class=\"navPages-item\">\n              {{> components/psdc-common/navigation-list}}\n            </li>\n      {{/each}}\n    </ul>\n  </div>\n  <div class=\"webpages headerSidebar-block\">\n    <h5 class=\"sidebarBlock-heading\">{{lang 'footer.navigate'}}</h5>\n    <ul class=\"navList navList-treeview\">\n      {{#each pages}}\n           <li class=\"navPages-item navPages-item-page\">\n             {{> components/psdc-common/navigation-list}}\n           </li>\n       {{/each}}\n    </ul>\n  </div>\n  <div class=\"brand headerSidebar-block\">\n    <h5 class=\"sidebarBlock-heading\">{{lang 'footer.brands'}}</h5>\n    <ul class=\"navList navList-treeview\">\n      {{#each shop_by_brand}}\n          {{#if @index '<' '5' }}\n            <li class=\"navPages-item\">\n                <a class=\"navPages-action\" href=\"{{url}}\">\n                  <span class=\"nav-arrow\"><svg class=\"\"><use xlink:href=\"#icon-m-right\"></use></svg></span>\n                  {{name}}\n                </a>\n            </li>\n          {{/if}}\n      {{/each}}\n    </ul>\n  </div>\n  <div class=\"brand headerSidebar-block mobile-currancy\">\n    <h5 class=\"sidebarBlock-heading\">{{lang 'common.currency' code=currency_selector.active_currency_code}} <span class=\"flag\">{{{lang 'common.currency-flag' flag=currency_selector.active_currency_flag}}}</span><span class=\"code\">{{lang 'common.currency-code' code=currency_selector.active_currency_code}}</span></h5>\n\n  </div>\n</div>\n\n</div>\n","components/psdc-common/currency-selector":"{{#if currency_selector.currencies.length '>' 1}}\n  <ul class=\"navUser-section sf-menu\">\n      <li class=\"navUser-item currency-heading\">\n        <span>{{lang 'common.currency' code=currency_selector.active_currency_code}}</span>\n      </li>\n      <li class=\"navUser-item navUser-item-currencySelector\">\n          <a class=\"navUser-action navUser-action--currencySelector\" href=\"#\" aria-controls=\"currencySelection\" aria-expanded=\"false\">\n            <span class=\"flag\">{{{lang 'common.currency-flag' flag=currency_selector.active_currency_flag}}}</span><span class=\"code\">{{lang 'common.currency-code' code=currency_selector.active_currency_code}}</span>\n            <i class=\"icon\" aria-hidden=\"true\"><svg><use xlink:href=\"#icon-chevron-down\" /></svg></i>\n          </a>\n          <ul class=\"dropdown-menu\" id=\"currencySelection\" data-dropdown-content aria-hidden=\"true\" tabindex=\"-1\">\n            {{#each currency_selector.currencies}}\n            {{#if is_active \"!=\" true}}\n              <li>\n                  <a href=\"{{{switch_url}}}\">\n                    <span class=\"flag\">{{{flag}}}</span><span class=\"code\">{{name}}</span>\n                  </a>\n              </li>\n            {{/if}}\n          {{/each}}\n          </ul>\n      </li>\n  </ul>\n{{/if}}\n","components/psdc-common/quick-search":"<form class=\"form\" action=\"{{urls.search}}\"  id=\"{{#if headerSearch}}headerQuickSearchForm{{else}}mobileQuickSearchForm{{/if}}\">\n    <fieldset class=\"form-fieldset\">\n        <div class=\"form-field\">\n            <label class=\"is-srOnly\" for=\"search_query\">{{lang \"search.quick_search.input_label\"}}</label>\n            <input class=\"form-input\" data-search-quick name=\"search_query\" id=\"search_query\" data-error-message=\"{{lang 'search.error.empty_field'}}\" placeholder=\"{{lang 'search.quick_search.input_placeholder'}}\" autocomplete=\"off\">\n            <span class=\"search-icon-main\" onclick=\"{{#if headerSearch}}document.getElementById('headerQuickSearchForm').submit();{{else}}document.getElementById('mobileQuickSearchForm').submit();{{/if}}\"><svg class=\"search-icon\"><use xlink:href=\"#icon-search\"></use></svg></span>\n        </div>\n    </fieldset>\n</form>\n<section class=\"quickSearchResults\" data-bind=\"html: results\"></section>\n","components/common/modal":"<div id=\"modal\" class=\"modal\" data-reveal data-prevent-quick-search-close>\n    <a href=\"#\" class=\"modal-close\" aria-label=\"{{lang 'common.close'}}\" role=\"button\">\n        <span aria-hidden=\"true\">&#215;</span>\n    </a>\n    <div class=\"modal-content\"></div>\n    <div class=\"loadingOverlay\"></div>\n</div>\n","components/common/alert-modal":"<div id=\"alert-modal\" class=\"modal modal--alert modal--small\" data-reveal data-prevent-quick-search-close>\n    <div class=\"swal2-icon swal2-error swal2-animate-error-icon\"><span class=\"swal2-x-mark swal2-animate-x-mark\"><span class=\"swal2-x-mark-line-left\"></span><span class=\"swal2-x-mark-line-right\"></span></span></div>\n\n    <div class=\"modal-content\"></div>\n\n    <div class=\"button-container-custom m-t-20\"><button type=\"button\" class=\"confirm button\" data-reveal-close>OK</button></div>\n</div>\n","components/psdc-common/usp-section":"{{#if theme_settings.show_usp '!=' 0}}\n  <div class=\"usp-section m-b-60 {{#if theme_settings.show_usp '==' 0}}usp-section-none{{/if}}\">\n    <div class=\"container\">\n      <ul>\n        {{#if theme_settings.show_usp '>=' 1}}\n          <li class=\"{{#if theme_settings.show_usp '>=' 1}}first{{/if}}\">\n            <div class=\"usp-block\">\n\n              {{#if theme_settings.selected-icon1 '!=' ''}}\n                {{#if theme_settings.selected-icon1 '==' 'SelectOne'}}\n                  {{#if theme_settings.UspImageFirst '!=' ''}}\n                    <div class=\"usp-img\">\n                      <img src=\"/product_images/uploaded_images/{{theme_settings.UspImageFirst}}\" alt=\"\">\n                    </div>\n                  {{/if}}\n                  {{else}}\n                    <div class=\"usp-img\">\n                        <img src=\"{{cdn 'assets/img/usp-icon/'}}{{theme_settings.selected-icon1}}.png\" alt=\"\">\n                    </div>\n                {{/if}}\n              {{/if}}\n\n              <div class=\"usp-detail\">\n                {{#if theme_settings.UspTitleFirst}}\n                  <h5>{{theme_settings.UspTitleFirst}}</h5>\n                {{/if}}\n                {{#if theme_settings.UspTextFirst}}\n                  <p>{{theme_settings.UspTextFirst}}</p>\n                {{/if}}\n              </div>\n            </div>\n          </li>\n        {{/if}}\n        {{#if theme_settings.show_usp '>=' 2}}\n          <li class=\"{{#if theme_settings.show_usp '>=' 2}}second{{/if}}\">\n            <div class=\"usp-block\">\n\n              {{#if theme_settings.selected-icon2 '!=' ''}}\n                {{#if theme_settings.selected-icon2 '==' 'SelectOne'}}\n                  {{#if theme_settings.UspImageSecond '!=' ''}}\n                    <div class=\"usp-img\">\n                      <img src=\"/product_images/uploaded_images/{{theme_settings.UspImageSecond}}\" alt=\"\">\n                    </div>\n                  {{/if}}\n                  {{else}}\n                    <div class=\"usp-img\">\n                        <img src=\"{{cdn 'assets/img/usp-icon/'}}{{theme_settings.selected-icon2}}.png\" alt=\"\">\n                    </div>\n                {{/if}}\n              {{/if}}\n\n              <div class=\"usp-detail\">\n                {{#if theme_settings.UspTitleSecond}}\n                  <h5>{{theme_settings.UspTitleSecond}}</h5>\n                {{/if}}\n                {{#if theme_settings.UspTextSecond}}\n                  <p>{{theme_settings.UspTextSecond}}</p>\n                {{/if}}\n              </div>\n            </div>\n          </li>\n        {{/if}}\n        {{#if theme_settings.show_usp '>=' 3}}\n        <li class=\"{{#if theme_settings.show_usp '>=' 3}}third{{/if}}\">\n          <div class=\"usp-block\">\n\n            {{#if theme_settings.selected-icon3 '!=' ''}}\n              {{#if theme_settings.selected-icon3 '==' 'SelectOne'}}\n                {{#if theme_settings.UspImageThird '!=' ''}}\n                  <div class=\"usp-img\">\n                    <img src=\"/product_images/uploaded_images/{{theme_settings.UspImageThird}}\" alt=\"\">\n                  </div>\n                {{/if}}\n                {{else}}\n                  <div class=\"usp-img\">\n                      <img src=\"{{cdn 'assets/img/usp-icon/'}}{{theme_settings.selected-icon3}}.png\" alt=\"\">\n                  </div>\n              {{/if}}\n            {{/if}}\n\n            <div class=\"usp-detail\">\n              {{#if theme_settings.UspTitleThird}}\n                <h5>{{theme_settings.UspTitleThird}}</h5>\n              {{/if}}\n              {{#if theme_settings.UspTextThird}}\n                <p>{{theme_settings.UspTextThird}}</p>\n              {{/if}}\n            </div>\n          </div>\n        </li>\n        {{/if}}\n        {{#if theme_settings.show_usp '>=' 4}}\n          <li class=\"{{#if theme_settings.show_usp '>=' 4}}fourth{{/if}}\">\n            <div class=\"usp-block\">\n\n              {{#if theme_settings.selected-icon4 '!=' ''}}\n                {{#if theme_settings.selected-icon4 '==' 'SelectOne'}}\n                  {{#if theme_settings.UspImageFour '!=' ''}}\n                    <div class=\"usp-img\">\n                      <img src=\"/product_images/uploaded_images/{{theme_settings.UspImageFour}}\" alt=\"\">\n                    </div>\n                  {{/if}}\n                  {{else}}\n                    <div class=\"usp-img\">\n                        <img src=\"{{cdn 'assets/img/usp-icon/'}}{{theme_settings.selected-icon4}}.png\" alt=\"\">\n                    </div>\n                {{/if}}\n              {{/if}}\n\n              <div class=\"usp-detail\">\n                {{#if theme_settings.UspTitleFour}}\n                  <h5>{{theme_settings.UspTitleFour}}</h5>\n                {{/if}}\n                {{#if theme_settings.UspTextFour}}\n                  <p>{{theme_settings.UspTextFour}}</p>\n                {{/if}}\n              </div>\n            </div>\n          </li>\n        {{/if}}\n      </ul>\n    </div>\n  </div>\n{{/if}}\n","components/common/social-links":"{{#if social_media}}\n    <ul class=\"socialLinks socialLinks--alt\">\n        {{#each social_media}}\n            <li class=\"socialLinks-item\">\n                <a class=\"icon icon--{{display_name}}\" href=\"{{url}}\" target=\"_blank\">\n                    <svg><use xlink:href=\"#icon-{{display_name}}\" /></svg>\n                </a>\n            </li>\n        {{/each}}\n    </ul>\n{{/if}}\n","components/psdc-common/header-account-menu":"<li class=\"navUser-item navUser-item--account\">\n    <a class=\"navUser-action needsclick\" href=\"{{urls.account.index}}\">\n      <svg><use xlink:href=\"#icon-user\"></use></svg>\n      <!-- <span>{{lang 'common.account'}}</span> -->\n    </a>\n    <ul class=\"navUser-section-sub section-sub-right\">\n      {{#if customer}}\n        <li class=\"navUser-item\">\n          <a class=\"navUser-action\" href=\"{{urls.account.index}}\">\n              <svg><use xlink:href=\"#icon-user\"></use></svg><span>{{lang 'common.account'}}</span>\n          </a>\n        </li>\n        <li class=\"navUser-item\">\n            <a class=\"navUser-action needsclick\" href=\"{{urls.auth.logout}}\">\n              <svg><use xlink:href=\"#icon-padlock\"></use></svg><span>{{lang 'common.logout'}}</span>\n            </a>\n        </li>\n      {{else}}\n        <li class=\"navUser-item\">\n          <a class=\"navUser-action needsclick\" href=\"{{urls.auth.login}}\">\n            <svg><use xlink:href=\"#icon-signout\"></use></svg><span>{{lang 'common.login'}}</span>\n          </a>\n        </li>\n        {{#if settings.account_creation_enabled}}\n        <li class=\"navUser-item\">\n          <a class=\"navUser-action needsclick\" href=\"{{urls.auth.create_account}}\">\n            <svg><use xlink:href=\"#icon-register\"></use></svg><span>{{lang 'common.sign_up'}}</span>\n          </a>\n        </li>\n        {{/if}}\n      {{/if}}\n      {{#if settings.gift_certificates_enabled}}\n          <li class=\"navUser-item\">\n              <a class=\"navUser-action needsclick\" href=\"{{urls.gift_certificate.purchase}}\">\n              <svg><use xlink:href=\"#icon-gift-certificate\"></use></svg><span>{{lang 'common.gift_cert'}}</span>\n              </a>\n          </li>\n      {{/if}}\n      {{#if settings.show_wishlist}}\n        <li class=\"navUser-item navUser-item-wishlist\">\n            <a class=\"navUser-action needsclick\" href=\"{{urls.account.wishlists.all}}\">\n              <svg><use xlink:href=\"#icon-wishlist\"></use></svg><span>{{lang 'account.nav.wishlist'}}</span>\n            </a>\n        </li>\n      {{/if}}\n\n      {{#if customer.store_credit.value '>' 0}}\n          <li class=\"navUser-item navUser-item-storeCredit\">\n              <a class=\"navUser-action navUser-action--storeCredit needsclick\" href=\"{{urls.cart}}\">\n                 <span>{{lang 'common.store_credit_overview' credit=customer.store_credit.formatted}}</span>\n              </a>\n          </li>\n      {{/if}}\n\n    </ul>\n</li>\n"}