{"components/products/product-view":"<div class=\"productView\" {{#if settings.data_tag_enabled}} data-event-type=\"product\" data-entity-id=\"{{product.id}}\" data-name=\"{{product.title}}\" data-product-category=\"{{#each product.category}}{{#if @last}}{{this}}{{else}}{{this}}, {{/if}}{{/each}}\" data-product-brand=\"{{product.brand.name}}\" data-product-price=\"{{#if product.price.with_tax}}{{product.price.with_tax.value}}{{else}}{{product.price.without_tax.value}}{{/if}}\" data-product-variant=\"single-product-option\"{{/if}}>\n\n    {{#each product.reviews.messages}}\n        {{#if error}}\n            {{> components/common/alert-error error}}\n        {{/if}}\n        {{#if success}}\n            {{> components/common/alert-success success}}\n        {{/if}}\n    {{/each}}\n\n    <section class=\"productView-images\" data-image-gallery style=\"position: relative;\">\n\n    {{!--\n        Note that these image sizes are coupled to image sizes used in /assets/js/theme/common/product-details.js\n        for variant/rule image replacement\n    --}}\n\n      <div class=\"productView-image-main\" {{#if product.images}} {{else}}style=\"width: 100%\"{{/if}}>\n            {{!-- Remove the surrounding a-element if there is no main image. --}}\n             <figure class=\"productView-image\"\n                     data-image-gallery-main\n                     {{#if product.main_image}}\n                     data-zoom-image=\"{{getImageSrcset product.main_image (cdn theme_settings.default_image_product) 1x=theme_settings.zoom_size }}\"\n                     {{/if}}>\n                     {{#if product.main_image}}\n                     <div class=\"productView-img-container\">\n                        <a class=\"fancythumb-img\" href=\"{{getImageSrcset product.main_image (cdn theme_settings.default_image_product) 1x=theme_settings.zoom_size}}\"\n                            target=\"_blank\"{{#if schema}} itemprop=\"image\"{{/if}}>   \n                        {{/if}}\n\n                        <!-- <img class=\"productView-image--default-custom lazyload\" data-sizes=\"auto\" src=\"{{cdn 'img/loading.svg'}}\" data-src=\"{{getImage product.main_image 'product_size' (cdn theme_settings.default_image_product)}}\"\n                            alt=\"{{product.main_image.alt}}\" title=\"{{product.main_image.alt}}\" data-main-image> -->\n\n                            {{> components/common/responsive-img\n                                image=product.main_image\n                                class=\"productView-image--default-custom\"\n                                fallback_size=theme_settings.product_size\n                                lazyload=theme_settings.lazyload_mode\n                                default_image=theme_settings.default_image_product\n                                otherAttributes=\"data-main-image\"\n                            }}\n                            {{!-- Remove the surrounding a-element if there is no main image. --}}\n                            \n                        {{#if product.main_image}}\n                            </a>\n                        {{/if}}\n                      </div>\n             </figure>\n        {{#if schema}}\n          {{> components/psdc-common/usp-section }}\n        {{/if}}\n        </div>\n\n        {{#each product.images}}\n        <a\n            rel=\"gallery\"\n            data-fancybox=\"gallery1\"\n            style=\"display:none;\"\n            data-caption=\"{{this.alt}}\"\n            class=\"hiddengallery fancybox-hidden-img {{#if @index '==' 0}}currentGalleryImage{{/if}}\"\n            href=\"{{stripQuerystring (getImage this (cdn ../theme_settings.default_image_product))}}\" rel=\"nofollow\">\n        </a>\n        {{/each}}\n\n        {{#if product.images}}\n        <ul class=\"productView-thumbnails {{#gt product.images.length 3}}productView-thumbnails-withslider{{/gt}}\"{{#gt product.images.length 3}} data-slick='{\n                \"infinite\": false,\n                \"dots\": false,\n                \"mobileFirst\": true,\n                \"slidesToShow\": 3,\n                \"slidesToScroll\": 1,\n                \"vertical\": true,\n                \"responsive\": [\n                    {\n                        \"breakpoint\": 1440,\n                        \"settings\": {\n                            \"slidesToScroll\": 1,\n                            \"slidesToShow\": 3,\n                            \"vertical\": true\n                        }\n                    },\n                    {\n                        \"breakpoint\": 1279,\n                        \"settings\": {\n                          \"slidesToScroll\": 1,\n                          \"slidesToShow\": 3,\n                          \"vertical\": true\n                        }\n                    },\n                    {\n                        \"breakpoint\": 1023,\n                        \"settings\": {\n                          \"slidesToScroll\": 1,\n                          \"slidesToShow\": 3,\n                          \"vertical\": true\n                        }\n                    },\n                    {\n                        \"breakpoint\": 767,\n                        \"settings\": {\n                          \"slidesToScroll\": 1,\n                          \"slidesToShow\": 5,\n                          \"vertical\": false\n                        }\n                    },\n                    {\n                        \"breakpoint\": 666,\n                        \"settings\": {\n                          \"slidesToScroll\": 1,\n                          \"slidesToShow\": 4,\n                          \"vertical\": false\n                        }\n                    },\n                    {\n                        \"breakpoint\": 567,\n                        \"settings\": {\n                          \"slidesToScroll\": 1,\n                          \"slidesToShow\": 4,\n                          \"vertical\": false\n                        }\n                    },\n                    {\n                        \"breakpoint\": 479,\n                        \"settings\": {\n                          \"slidesToScroll\": 1,\n                          \"slidesToShow\": 3,\n                          \"vertical\": false\n                        }\n                    },\n                    {\n                        \"breakpoint\": 319,\n                        \"settings\": {\n                          \"slidesToScroll\": 1,\n                          \"slidesToShow\": 3,\n                          \"vertical\": false\n                        }\n                    }\n                ]\n            }'{{/gt}}>\n            {{#each product.images}}\n                <li class=\"\" data-thumb-zoom-image=\"{{getImage this 'zoom_size' (cdn ../theme_settings.default_image_product)}}?imbypass=on\">\n                    <a class=\"productView-thumbnail-link {{#if (stripQuerystring (getImage ../product.main_image 'product_size' (cdn ../theme_settings.default_image_product))) '==' (stripQuerystring (getImage this 'product_size' (cdn ../theme_settings.default_image_product))) }}is-active is-main{{/if}}\"\n                        href=\"{{#if ../schema}}{{getImageSrcset this (cdn ../theme_settings.default_image_product) 1x=../theme_settings.zoom_size}}{{else}}javascript:void(0);{{/if}}\"\n                        data-image-gallery-item\n                        data-image-gallery-new-image-url=\"{{getImageSrcset this (cdn ../theme_settings.default_image_product) 1x=../theme_settings.product_size}}\"\n                        data-image-gallery-new-image-srcset=\"{{getImageSrcset this use_default_sizes=true}}\"\n                        data-image-gallery-zoom-image-url=\"{{getImageSrcset this (cdn ../theme_settings.default_image_product) 1x=../theme_settings.zoom_size}}\"\n                        data-link=\"{{stripQuerystring (getImage this (cdn ../theme_settings.default_image_product))}}\"\n                    >\n                    {{> components/common/responsive-img\n                        image=this\n                        fallback_size=../theme_settings.productview_thumb_size\n                        lazyload=../theme_settings.lazyload_mode\n                    }}\n                    </a>\n                </li>\n            {{/each}}\n        </ul>\n        {{/if}}\n    </section>\n\n    <section class=\"productView-details\">\n        <div class=\"productView-product\">\n            {{#if product.brand}}\n                <h2 class=\"productView-brand\"{{#if schema}} itemprop=\"brand\" itemscope itemtype=\"http://schema.org/Brand\"{{/if}}>\n                    <a href=\"{{product.brand.url}}\"{{#if schema}} itemprop=\"url\"{{/if}}><span{{#if schema}} itemprop=\"name\"{{/if}}>{{product.brand.name}}</span></a>\n                </h2>\n            {{/if}}\n            <h1 class=\"productView-title\" {{#if schema}}itemprop=\"name\"{{/if}}>{{product.title}}</h1>\n            {{{region name=\"product_below_price\"}}}\n            <div class=\"price-block\">\n              {{#if product.call_for_price}}\n                  <p class=\"productView-price\">\n                      <span>{{product.call_for_price}}</span>\n                  </p>\n              {{/if}}\n              <div class=\"productView-price {{#if product.call_for_price}}call-for-price{{/if}}\">\n                  {{#or customer (if theme_settings.restrict_to_login '!==' true)}}\n                      {{> components/psdc-common/price price=product.price schema_org=schema}}\n                  {{else}}\n                      {{> components/common/login-for-pricing}}\n                  {{/or}}\n              </div>\n\n              <div class=\"price-block-left\">\n                {{#if product.stock_level}}<span class=\"instock\">In stock</span>{{/if}}\n                <div class=\"productView-rating\"{{#if product.num_reviews '>' 0}}{{#if schema}} itemprop=\"aggregateRating\" itemscope itemtype=\"http://schema.org/AggregateRating\"{{/if}}{{/if}}>\n                    {{#if settings.show_product_rating}}\n                        {{#if product.num_reviews '>' 0}}\n                            {{#if schema}}\n                                <meta itemprop=\"ratingValue\" content=\"{{product.rating}}\">\n                                <meta itemprop=\"ratingCount\" content=\"{{product.num_reviews}}\">\n                                <meta itemprop=\"reviewCount\" content=\"{{product.num_reviews}}\">\n                            {{/if}}\n                        {{/if}}\n                        {{> components/products/ratings rating=product.rating}}\n                        <span class=\"productView-reviewLink\">\n                            {{#if product.num_reviews '>' 0}}\n                                <a href=\"{{product.url}}#product-reviews\">\n                                    {{lang 'products.reviews.link_to_review' total=product.num_reviews}}\n                                </a>\n                            {{else}}\n                                {{lang 'products.reviews.link_to_review' total=product.num_reviews}}\n                            {{/if}}\n                        </span>\n                    {{/if}}\n                    {{#if settings.show_product_reviews}}\n                        <span class=\"productView-reviewLink\">\n                            <a href=\"{{product.url}}{{#if is_ajax}}#write_review{{/if}}\"\n                               {{#unless is_ajax }}data-reveal-id=\"modal-review-form\"{{/unless}}>\n                               {{lang 'products.reviews.new'}}\n                            </a>\n                        </span>\n                        {{> components/products/modals/writeReview}}\n                    {{/if}}\n                </div>\n              </div>\n            </div>\n\n            {{product.detail_messages}}\n            <dl class=\"productView-info\">\n              {{#if product.sku}}\n                <dt class=\"productView-info-name sku-label\"{{#unless product.sku}} style=\"display: none;\"{{/unless}}>{{lang 'products.sku'}}</dt>\n                <dd class=\"productView-info-value\" data-product-sku{{#if schema}} itemprop=\"sku\"{{/if}}>{{product.sku}}</dd>\n              {{/if}}\n              {{#if product.upc}}\n                <dt class=\"productView-info-name upc-label\"{{#unless product.upc}} style=\"display: none;\"{{/unless}}>{{lang 'products.upc'}}</dt>\n                <dd class=\"productView-info-value\" data-product-upc>{{product.upc}}</dd>\n              {{/if}}\n              {{#if schema}}\n                    {{#if product.mpn}}<meta itemprop=\"mpn\" content=\"{{product.mpn}}\" />{{/if}}\n                    {{#if product.gtin}}<meta itemprop=\"gtin\" content=\"{{product.gtin}}\" />{{/if}}\n                {{/if}}\n                {{#if product.condition}}\n                    <dt class=\"productView-info-name\">{{lang 'products.condition'}}</dt>\n                    <dd class=\"productView-info-value\">{{product.condition}}</dd>\n                {{/if}}\n                {{#if product.availability}}\n                    <dt class=\"productView-info-name\">{{lang 'products.availability'}}</dt>\n                    <dd class=\"productView-info-value\">{{product.availability}}</dd>\n                {{/if}}\n                {{#all product.weight theme_settings.show_product_weight}}\n                    <dt class=\"productView-info-name\">{{lang 'products.weight'}}</dt>\n                    <dd class=\"productView-info-value\" data-product-weight>{{product.weight}}</dd>\n                {{/all}}\n                {{#all product.width product.height product.depth theme_settings.show_product_dimensions}}\n                    <dt class=\"productView-info-name\">{{lang 'products.width'}}</dt>\n                    <dd class=\"productView-info-value\" data-product-width>\n                        {{product.width}}\n                        {{#if settings.measurements.length '==' 'Centimeters'}}\n                        ({{lang 'products.measurement.metric'}})\n                        {{else}}\n                        ({{lang 'products.measurement.imperial'}})\n                        {{/if}}\n                    </dd>\n                    <dt class=\"productView-info-name\">{{lang 'products.height'}}</dt>\n                    <dd class=\"productView-info-value\" data-product-height>\n                        {{product.height}}\n                        {{#if settings.measurements.length '==' 'Centimeters'}}\n                        ({{lang 'products.measurement.metric'}})\n                        {{else}}\n                        ({{lang 'products.measurement.imperial'}})\n                        {{/if}}\n                    </dd>\n                    <dt class=\"productView-info-name\">{{lang 'products.depth'}}</dt>\n                    <dd class=\"productView-info-value\" data-product-depth>\n                        {{product.depth}}\n                        {{#if settings.measurements.length '==' 'Centimeters'}}\n                        ({{lang 'products.measurement.metric'}})\n                        {{else}}\n                        ({{lang 'products.measurement.imperial'}})\n                        {{/if}}\n                    </dd>\n                {{/all}}\n                {{#if product.min_purchase_quantity}}\n                    <dt class=\"productView-info-name\">{{lang 'products.min_purchase_quantity'}}</dt>\n                    <dd class=\"productView-info-value\">{{lang 'products.purchase_units' quantity=product.min_purchase_quantity}}</dd>\n                {{/if}}\n                {{#if product.max_purchase_quantity}}\n                    <dt class=\"productView-info-name\">{{lang 'products.max_purchase_quantity'}}</dt>\n                    <dd class=\"productView-info-value\">{{lang 'products.purchase_units' quantity=product.max_purchase_quantity}}</dd>\n                {{/if}}\n                {{#if product.gift_wrapping_available}}\n                    <dt class=\"productView-info-name\">{{lang 'products.gift_wrapping'}}</dt>\n                    <dd class=\"productView-info-value\">{{lang 'products.gift_wrapping_available'}}</dd>\n                {{/if}}\n                {{#if product.shipping}}\n                    {{#if product.shipping.calculated}}\n                        <dt class=\"productView-info-name\">{{lang 'products.shipping'}}</dt>\n                        <dd class=\"productView-info-value\">{{lang 'products.shipping_calculated'}}</dd>\n                    {{else}}\n                        {{#if product.shipping.price.value '===' 0}}\n                            <dt class=\"productView-info-name\">{{lang 'products.shipping'}}</dt>\n                            <dd class=\"productView-info-value\">{{lang 'products.shipping_free'}}</dd>\n                        {{else}}\n                            <dt class=\"productView-info-name\">{{lang 'products.shipping'}}</dt>\n                            <dd class=\"productView-info-value\">{{lang 'products.shipping_fixed' amount=product.shipping.price.formatted}}</dd>\n                        {{/if}}\n                    {{/if}}\n                {{/if}}\n\n                {{#if settings.bulk_discount_enabled}}\n                    <div class=\"productView-info-bulkPricing\">\n                        {{> components/products/bulk-discount-rates bulk_discount_rates=product.bulk_discount_rates}}\n                    </div>\n                {{/if}}\n\n            </dl>\n        </div>\n    </section>\n\n    <section class=\"productView-details\">\n        <div class=\"productView-options\">\n            {{#if product.release_date }}\n                <p>{{product.release_date}}</p>\n            {{/if}}\n            <form class=\"form\" method=\"post\" action=\"{{product.cart_url}}\" enctype=\"multipart/form-data\"\n                  data-cart-item-add>\n                <input type=\"hidden\" name=\"action\" value=\"add\">\n                <input type=\"hidden\" name=\"product_id\" value=\"{{product.id}}\"/>\n                <div data-product-option-change style=\"display:none;\">\n                    {{#each product.options}}\n                        {{{dynamicComponent 'components/products/options'}}}\n                    {{/each}}\n                </div>\n                <div class=\"form-field form-field--stock{{#unless product.stock_level}} u-hiddenVisually{{/unless}}\">\n                    <label class=\"form-label form-label--alternate\">\n                        {{lang 'products.current_stock'}}\n                        <span data-product-stock>{{product.stock_level}}</span>\n                    </label>\n                </div>\n                {{#if product.can_purchase}}\n                    {{> components/products/add-to-cart}}\n                {{/if}}\n                {{#if product.out_of_stock}}\n                    {{#if product.out_of_stock_message}}\n                        {{> components/common/alert-error product.out_of_stock_message}}\n                    {{else}}\n                        {{> components/common/alert-error (lang 'products.sold_out')}}\n                    {{/if}}\n                {{/if}}\n                {{#if theme_settings.EnableProductCompare}}\n                  <div class=\"productView-compare\">\n                      <a data-tooltip class=\"button compare-box compare\" for=\"compare-{{product.id}}\" data-compare-id=\"{{product.id}}\">\n                      <i class=\"icon\">\n                        <svg>\n                            <use xlink:href=\"#icon-p-compare\"/>\n                        </svg>\n                      </i>\n                    </a>\n                  </div>\n                {{/if}}\n                {{#if settings.show_wishlist}}\n                  <div class=\"productView-compare\">\n                      <button class=\"button compare\" type=\"button\"   {{#if customer}} data-reveal-id=\"{{#if schema}}WishlistModal{{else}}QuickViewWishlistModal{{/if}}\"{{else}}onclick=\"location.href='{{urls.auth.login}}';\"{{/if}} name=\"button\">\n                        <i class=\"icon\">\n                          <svg>\n                            <use xlink:href=\"#icon-wishlist\"/>\n                          </svg>\n                        </i>\n                    </button>\n                  </div>\n                  {{/if}}\n            </form>\n            {{#if settings.show_wishlist}}\n              <div id=\"{{#if schema}}WishlistModal{{else}}QuickViewWishlistModal{{/if}}\" class=\"modal\" data-reveal>\n                  <div class=\"modal-header\">\n                      <h2 class=\"modal-header-title\">Add to Wishlist</h2>\n                      <a href=\"#\" class=\"modal-close\" aria-label=\"Close\"><span aria-hidden=\"true\">&#215;</span></a>\n                  </div>\n                  {{> components/psdc-common/wishlist-model}}\n              </div>\n            {{/if}}\n            <div class=\"share-block\">\n              <label class=\"form-label--alternate\" for=\"\">share on:</label> {{> components/common/share postURL=(encodeURI product.url)}}\n            </div>\n        </div>\n\n    </section>\n\n{{#if schema}}\n  {{#if theme_settings.show_product_details_tabs}}\n      <article class=\"productView-description\"{{#if schema}} itemprop=\"description\"{{/if}}>\n        <div class=\"productView-description-inn\">\n          {{> components/products/description-tabs}}\n        </div>\n      </article>\n  {{/if}}\n{{/if}}\n</div>\n\n<div id=\"previewModal\" class=\"modal modal--large\" data-reveal>\n    <a href=\"#\" class=\"modal-close\" aria-label=\"{{lang 'common.close'}}\" role=\"button\">\n        <span aria-hidden=\"true\">&#215;</span>\n    </a>\n    <div class=\"modal-content\"></div>\n    <div class=\"loadingOverlay\"></div>\n</div>\n","components/common/alert-error":"<div class=\"alertBox alertBox--error\">\n    <div class=\"alertBox-column alertBox-icon\">\n        <icon glyph=\"ic-error\" class=\"icon\" aria-hidden=\"true\"><svg xmlns=\"http://www.w3.org/2000/svg\" width=\"24\" height=\"24\" viewBox=\"0 0 24 24\"><path d=\"M12 2C6.48 2 2 6.48 2 12s4.48 10 10 10 10-4.48 10-10S17.52 2 12 2zm1 15h-2v-2h2v2zm0-4h-2V7h2v6z\"></path></svg></icon>\n    </div>\n    <p class=\"alertBox-column alertBox-message\">\n        <span>{{{this}}}</span>\n    </p>\n</div>\n","components/common/alert-success":"<div class=\"alertBox alertBox--success\">\n    <div class=\"alertBox-column alertBox-icon\">\n        <icon glyph=\"ic-success\" class=\"icon\" aria-hidden=\"true\"><svg xmlns=\"http://www.w3.org/2000/svg\" width=\"24\" height=\"24\" viewBox=\"0 0 24 24\"><path d=\"M12 2C6.48 2 2 6.48 2 12s4.48 10 10 10 10-4.48 10-10S17.52 2 12 2zm1 15h-2v-2h2v2zm0-4h-2V7h2v6z\"></path></svg></icon>\n    </div>\n    <p class=\"alertBox-column alertBox-message\">\n        <span>{{{this}}}</span>\n    </p>\n</div>\n","components/common/responsive-img":"{{!--\n    This file implements the lazysizes srcset pattern (as seen on\n    https://github.com/aFarkas/lazysizes#modern-transparent-srcset-pattern) for maximum performance on modern browsers\n    and reasonable compatibility with legacy browsers.\n    \n    There are a few important arguments to know about when using this component:\n    `lazyload`:\n        - If set to 'lazyload+lqip', will load a low-res image which will be replaced by lazysizes - ensuring that SOME\n        content is shown immediately on page load. Without LQIP, a transparent gif will be used instead, which reduces\n        the number of requests needed to load the page, making it even faster.\n        - If set to 'lazyload', the browser will not load the full-size image at first, instead the lazysizes plugin will\n            load it progressively after page load. This improves the load speed of the page, but it should be disabled for\n            high-priority above-the-fold images.\n        - If set to 'disabled', will not attempt to lazyload the image and instead tell the browser to load it immediately.\n            Use this for high-priority images that are above the fold.\n    \n    `fallback_size`:\n        This is the size to use for this image in legacy browsers that do not support srcset.\n        Can be defined as a pixel bounding-box size (e.g. \"123x123) or inherent width (e.g. \"123w\").\n    \n    `class`:\n        The CSS classes to add to the image, e.g. \"card-image\". If lazyloading is enabled, all images will have the\n        \"lazyload\" class so that lazysizes will target them automatically.\n    \n    `otherAttributes`:\n        Any other HTML attributes you want on the img tag, for example \"height='100' width='100'\"\n    \n    `default_image`:\n        The default image to use if `image` is undefined or falsy. Should be a theme asset, usually defined as a relative\n        path in the theme config. If a default image is not provided, you'll get an image tag with no image if the primary\n        image is undefined.\n    \n    `lqip_size`:\n        If you want to specify a particular size for the LQIP image, you can do so with this argument. A default of 80\n        pixels wide will be used otherwise. This argument has no effect if the lazyload mode is not \"lazyload+lqip\".\n    \n    --}}\n    <img {{#if image}}{{!-- Get the default image for legacy browsers that do not support srcset\n    --}}src=\"{{getImageSrcset image 1x=(default fallback_size '160w')}}\" alt=\"{{image.alt}}\" title=\"{{image.alt}}\" {{!--\n      Allow lazysizes to generate the 'sizes' attribute automatically --}}data-sizes=\"auto\"\n      {{#unless lazyload '==' 'disabled'}}\n        {{#if lazyload '==' 'lazyload+lqip'}}\n        {{!-- If we want a LQIP, include it as the default srcset (will be overwritten by lazysizes) --}}\n        srcset=\"{{getImageSrcset image 1x=(default lqip_size '80w')}}\"\n        {{else}}\n          {{!-- If we don't want a LQIP, use a 1px transparent gif for the stand-in image\n                This requires no additional network request, so it's fast --}}\n        srcset=\"data:image/gif;base64,R0lGODlhAQABAIAAAP///wAAACH5BAEAAAAALAAAAAABAAEAAAICRAEAOw==\"\n        {{/if}}\n    {{/unless}}\n    {{!-- If lazyloading is disabled, just use \"srcset\". If it is not disabled, use \"data-srcset\" so lazysizes will use\n          this after page load --}}\n    {{!--\n    Generate the srcset string using the default sizes defined in the helper. This will allow the browser to\n    pick the best-sized image based on its own understanding of how it will render the page.\n    --}}\n    {{#unless lazyload '==' 'disabled'}}data-{{/unless}}srcset=\"{{getImageSrcset image use_default_sizes=true }}\"\n    {{else if default_image}}src=\"{{cdn default_image}}\"{{/if}}\n    class=\"{{#unless lazyload '==' 'disabled'}}lazyload{{/unless}}{{#if class}} {{class}}{{/if}}\"\n    {{#if lazyload '==' 'lazyload'}}loading=\"lazy\"{{/if}}\n    {{otherAttributes}} />\n","components/psdc-common/usp-section":"{{#if theme_settings.show_usp '!=' 0}}\n  <div class=\"usp-section m-b-60 {{#if theme_settings.show_usp '==' 0}}usp-section-none{{/if}}\">\n    <div class=\"container\">\n      <ul>\n        {{#if theme_settings.show_usp '>=' 1}}\n          <li class=\"{{#if theme_settings.show_usp '>=' 1}}first{{/if}}\">\n            <div class=\"usp-block\">\n\n              {{#if theme_settings.selected-icon1 '!=' ''}}\n                {{#if theme_settings.selected-icon1 '==' 'SelectOne'}}\n                  {{#if theme_settings.UspImageFirst '!=' ''}}\n                    <div class=\"usp-img\">\n                      <img src=\"/product_images/uploaded_images/{{theme_settings.UspImageFirst}}\" alt=\"\">\n                    </div>\n                  {{/if}}\n                  {{else}}\n                    <div class=\"usp-img\">\n                        <img src=\"{{cdn 'assets/img/usp-icon/'}}{{theme_settings.selected-icon1}}.png\" alt=\"\">\n                    </div>\n                {{/if}}\n              {{/if}}\n\n              <div class=\"usp-detail\">\n                {{#if theme_settings.UspTitleFirst}}\n                  <h5>{{theme_settings.UspTitleFirst}}</h5>\n                {{/if}}\n                {{#if theme_settings.UspTextFirst}}\n                  <p>{{theme_settings.UspTextFirst}}</p>\n                {{/if}}\n              </div>\n            </div>\n          </li>\n        {{/if}}\n        {{#if theme_settings.show_usp '>=' 2}}\n          <li class=\"{{#if theme_settings.show_usp '>=' 2}}second{{/if}}\">\n            <div class=\"usp-block\">\n\n              {{#if theme_settings.selected-icon2 '!=' ''}}\n                {{#if theme_settings.selected-icon2 '==' 'SelectOne'}}\n                  {{#if theme_settings.UspImageSecond '!=' ''}}\n                    <div class=\"usp-img\">\n                      <img src=\"/product_images/uploaded_images/{{theme_settings.UspImageSecond}}\" alt=\"\">\n                    </div>\n                  {{/if}}\n                  {{else}}\n                    <div class=\"usp-img\">\n                        <img src=\"{{cdn 'assets/img/usp-icon/'}}{{theme_settings.selected-icon2}}.png\" alt=\"\">\n                    </div>\n                {{/if}}\n              {{/if}}\n\n              <div class=\"usp-detail\">\n                {{#if theme_settings.UspTitleSecond}}\n                  <h5>{{theme_settings.UspTitleSecond}}</h5>\n                {{/if}}\n                {{#if theme_settings.UspTextSecond}}\n                  <p>{{theme_settings.UspTextSecond}}</p>\n                {{/if}}\n              </div>\n            </div>\n          </li>\n        {{/if}}\n        {{#if theme_settings.show_usp '>=' 3}}\n        <li class=\"{{#if theme_settings.show_usp '>=' 3}}third{{/if}}\">\n          <div class=\"usp-block\">\n\n            {{#if theme_settings.selected-icon3 '!=' ''}}\n              {{#if theme_settings.selected-icon3 '==' 'SelectOne'}}\n                {{#if theme_settings.UspImageThird '!=' ''}}\n                  <div class=\"usp-img\">\n                    <img src=\"/product_images/uploaded_images/{{theme_settings.UspImageThird}}\" alt=\"\">\n                  </div>\n                {{/if}}\n                {{else}}\n                  <div class=\"usp-img\">\n                      <img src=\"{{cdn 'assets/img/usp-icon/'}}{{theme_settings.selected-icon3}}.png\" alt=\"\">\n                  </div>\n              {{/if}}\n            {{/if}}\n\n            <div class=\"usp-detail\">\n              {{#if theme_settings.UspTitleThird}}\n                <h5>{{theme_settings.UspTitleThird}}</h5>\n              {{/if}}\n              {{#if theme_settings.UspTextThird}}\n                <p>{{theme_settings.UspTextThird}}</p>\n              {{/if}}\n            </div>\n          </div>\n        </li>\n        {{/if}}\n        {{#if theme_settings.show_usp '>=' 4}}\n          <li class=\"{{#if theme_settings.show_usp '>=' 4}}fourth{{/if}}\">\n            <div class=\"usp-block\">\n\n              {{#if theme_settings.selected-icon4 '!=' ''}}\n                {{#if theme_settings.selected-icon4 '==' 'SelectOne'}}\n                  {{#if theme_settings.UspImageFour '!=' ''}}\n                    <div class=\"usp-img\">\n                      <img src=\"/product_images/uploaded_images/{{theme_settings.UspImageFour}}\" alt=\"\">\n                    </div>\n                  {{/if}}\n                  {{else}}\n                    <div class=\"usp-img\">\n                        <img src=\"{{cdn 'assets/img/usp-icon/'}}{{theme_settings.selected-icon4}}.png\" alt=\"\">\n                    </div>\n                {{/if}}\n              {{/if}}\n\n              <div class=\"usp-detail\">\n                {{#if theme_settings.UspTitleFour}}\n                  <h5>{{theme_settings.UspTitleFour}}</h5>\n                {{/if}}\n                {{#if theme_settings.UspTextFour}}\n                  <p>{{theme_settings.UspTextFour}}</p>\n                {{/if}}\n              </div>\n            </div>\n          </li>\n        {{/if}}\n      </ul>\n    </div>\n  </div>\n{{/if}}\n","components/psdc-common/price":"{{!-- There are 2 code paths for generating the PDP pricing HTML determined by the following #and condition.\nIf a 'price_range' exists then we generate all HTML in price-range.html, otherwise it is defined here. Both code\npaths generate the same HTML structure with some differences in whether that element is displayed by default (css styling).\n\nIf you are making a change here or in price-range.html, you probably want to make that change in both files. --}}\n\n{{#and price.price_range (if theme_settings.price_ranges '==' true)}}\n    {{> components/products/price-range price=price schema_org=schema_org}}\n{{else}}\n    {{#if price.with_tax}}\n      <div class=\"price-section price-section--withTax\" {{#if schema_org}}itemprop=\"offers\" itemscope itemtype=\"http://schema.org/Offer\"{{/if}}>\n          <span class=\"price-label\" {{#if price.non_sale_price_with_tax}}style=\"display: none;\"{{/if}}>\n              {{theme_settings.pdp-price-label}}\n          </span>\n          <span class=\"price-now-label price-now-label-withtax\" {{#unless price.non_sale_price_with_tax}}style=\"display: none;\"{{/unless}}>\n              {{theme_settings.pdp-sale-price-label}}\n          </span>\n          <span data-product-price-with-tax class=\"price price--withTax\">{{price.with_tax.formatted}}</span>\n          {{#if schema_org}}\n              <meta itemprop=\"availability\" content=\"{{product.availability}}\">\n              <meta itemprop=\"itemCondition\" itemtype=\"http://schema.org/OfferItemCondition\" content=\"http://schema.org/{{product.condition}}Condition\">\n              <div itemprop=\"priceSpecification\" itemscope itemtype=\"http://schema.org/PriceSpecification\">\n                  <meta itemprop=\"price\" content=\"{{price.with_tax.value}}\">\n                  <meta itemprop=\"priceCurrency\" content=\"{{currency_selector.active_currency_code}}\">\n                  <meta itemprop=\"valueAddedTaxIncluded\" content=\"true\">\n              </div>\n          {{/if}}\n          {{#if price.without_tax}}\n              <abbr title=\"{{lang 'products.including_tax'}}\">{{lang 'products.price_with_tax' tax_label=price.tax_label}}</abbr>\n          {{/if}}\n      </div>\n        <div class=\"price-section price-section--withTax rrp-price--withTax\" {{#unless price.rrp_with_tax}}style=\"display: none;\"{{/unless}}>\n          <span class=\"price-now-label\">\n            {{theme_settings.pdp-retail-price-label}}\n          </span>\n            <span data-product-rrp-with-tax class=\"price price--rrp\">\n                {{price.rrp_with_tax.formatted}}\n            </span>\n        </div>\n        <div class=\"price-section price-section--withTax non-sale-price--withTax\" {{#unless price.non_sale_price_with_tax}}style=\"display: none;\"{{/unless}}>\n          <span class=\"price-now-label\">\n            {{theme_settings.pdp-non-sale-price-label}}\n          </span>\n            <span data-product-non-sale-price-with-tax class=\"price price--non-sale\">\n                {{price.non_sale_price_with_tax.formatted}}\n            </span>\n        </div>\n    {{/if}}\n    {{#if price.without_tax}}\n        <div class=\"price-section price-section--withoutTax rrp-price--withoutTax{{#if price.with_tax}} price-section--minor{{/if}}\" {{#unless price.rrp_without_tax}}style=\"display: none;\"{{/unless}}>\n            {{theme_settings.pdp-retail-price-label}}\n            <span data-product-rrp-price-without-tax class=\"price price--rrp\">\n                {{price.rrp_without_tax.formatted}}\n            </span>\n        </div>\n        <div class=\"price-section price-section--withoutTax non-sale-price--withoutTax{{#if price.with_tax}} price-section--minor{{/if}}\" {{#unless price.non_sale_price_without_tax}}style=\"display: none;\"{{/unless}}>\n            {{theme_settings.pdp-non-sale-price-label}}\n            <span data-product-non-sale-price-without-tax class=\"price price--non-sale\">\n                {{price.non_sale_price_without_tax.formatted}}\n            </span>\n        </div>\n        <div class=\"price-section price-section--withoutTax\" {{#if schema_org}}itemprop=\"offers\" itemscope itemtype=\"http://schema.org/Offer\"{{/if}}>\n            <span class=\"price-label\" {{#if price.non_sale_price_without_tax}}style=\"display: none;\"{{/if}}>\n                {{theme_settings.pdp-price-label}}\n            </span>\n            <span class=\"price-now-label\" {{#unless price.non_sale_price_without_tax}}style=\"display: none;\"{{/unless}}>\n                {{theme_settings.pdp-sale-price-label}}\n            </span>\n            <span data-product-price-without-tax class=\"price price--withoutTax{{#if price.with_tax}} price-section--minor{{/if}}\">{{price.without_tax.formatted}}</span>\n            {{#if schema_org}}\n                <meta itemprop=\"availability\" itemtype=\"http://schema.org/ItemAvailability\"\n                    content=\"http://schema.org/{{#if product.pre_order}}PreOrder{{else if product.out_of_stock}}OutOfStock{{else if product.can_purchase '===' false}}OutOfStock{{else}}InStock{{/if}}\">\n                <meta itemprop=\"itemCondition\" itemtype=\"http://schema.org/OfferItemCondition\" content=\"http://schema.org/{{product.condition}}Condition\">\n                <div itemprop=\"priceSpecification\" itemscope itemtype=\"http://schema.org/PriceSpecification\">\n                    <meta itemprop=\"price\" content=\"{{price.without_tax.value}}\">\n                    <meta itemprop=\"priceCurrency\" content=\"{{currency_selector.active_currency_code}}\">\n                    <meta itemprop=\"valueAddedTaxIncluded\" content=\"false\">\n                </div>\n            {{/if}}\n            {{#if price.with_tax}}\n                <abbr title=\"{{lang 'products.excluding_tax'}}\">{{lang 'products.price_without_tax' tax_label=price.tax_label}}</abbr>\n            {{/if}}\n        </div>\n    {{/if}}\n    {{#if page_type '===' 'product'}}\n         <div class=\"price-section price-section--saving price\" {{#unless price.saved}}style=\"display: none;\"{{/unless}}>\n                <span class=\"price\">{{lang 'products.you_save_opening_text'}}</span>\n                <span data-product-price-saved class=\"price price--saving\">{{price.saved.formatted}}</span>\n                <span class=\"price\">{{lang 'products.you_save_closing_bracket'}}</span>\n         </div>\n    {{/if}}\n{{/and}}\n","components/common/login-for-pricing":"<p translate>Log in for pricing</p>\n","components/products/ratings":"{{#for 1 5}}\n    {{#if ../this.rating '>=' $index}}\n        <span class=\"icon icon--ratingFull\">\n            <svg>\n                <use xlink:href=\"#icon-star\" />\n            </svg>\n        </span>\n    {{else}}\n        <span class=\"icon icon--ratingEmpty\">\n            <svg>\n                <use xlink:href=\"#icon-star\" />\n            </svg>\n        </span>\n    {{/if}}\n{{/for}}\n","components/products/modals/writeReview":"<div id=\"modal-review-form\" class=\"modal\" data-reveal>\n    {{inject 'reviewRating' (lang 'forms.validate.reviews.rating')}}\n    {{inject 'reviewSubject' (lang 'forms.validate.reviews.title')}}\n    {{inject 'reviewComment' (lang 'forms.validate.reviews.comment')}}\n    {{inject 'reviewEmail' (lang 'forms.validate.common.email_address')}}\n    <div class=\"modal-header\">\n        <h2 class=\"modal-header-title\">{{lang 'products.reviews.write_a_review'}}</h2>\n        <a href=\"#\" class=\"modal-close\" aria-label=\"{{lang 'common.close'}}\" role=\"button\">\n            <span aria-hidden=\"true\">&#215;</span>\n        </a>\n    </div>\n    <div class=\"modal-body\">\n        <div class=\"writeReview-productDetails\">\n            <div class=\"writeReview-productImage-container\">\n                {{> components/common/responsive-img\n                    image=product.main_image\n                    fallback_size=theme_settings.product_size\n                    lazyload=theme_settings.lazyload_mode\n                    default_image=theme_settings.default_image_product\n                }}\n            </div>\n            <h6 class=\"product-brand\">{{ product.brand.name }}</h6>\n            <h5 class=\"product-title\">{{ product.title }}</h5>\n        </div>\n        <form class=\"form writeReview-form\" action=\"{{ urls.product.post_review }}\" method=\"post\">\n            <fieldset class=\"form-fieldset\">\n                <div class=\"form-field\">\n                    <label class=\"form-label\" for=\"rating-rate\">{{lang 'products.reviews.rating_label'}}\n                        <small>{{lang 'common.required' }}</small>\n                    </label>\n                    <!-- Stars -->\n                    <!-- TODO: Review Stars need to be componentised, both for display and input -->\n                    <select id=\"rating-rate\" class=\"form-select\" name=\"revrating\">\n                        <option value=\"\">{{lang 'products.reviews.select_rating'}}</option>\n                        {{#for 1 5}}\n                            {{#if ../product.reviews.selected_rating '===' $index}}\n                                <option selected value=\"{{$index}}\">{{lang (concat 'products.reviews.rating.' $index) }}</option>\n                            {{else}}\n                                <option value=\"{{$index}}\">{{lang (concat 'products.reviews.rating.' $index) }}</option>\n                            {{/if}}\n                        {{/for}}\n                    </select>\n                </div>\n\n                <!-- Name -->\n                {{#if product.reviews.author}}\n                    {{> components/common/forms/text id=\"revfromname\" name=\"revfromname\" label=(lang 'products.reviews.form_write.name') value=product.reviews.author}}\n                {{else}}\n                    {{> components/common/forms/text id=\"revfromname\" name=\"revfromname\" label=(lang 'products.reviews.form_write.name') value=customer.name}}\n                {{/if}}\n\n                {{#if product.reviews.show_review_email}}\n                    <!-- Email -->\n                    {{#if product.reviews.email}}\n                        {{> components/common/forms/text id=\"email\" name=\"email\" required=\"false\" label=(lang 'products.reviews.form_write.email') value=product.reviews.email}}\n                    {{else}}\n                        {{> components/common/forms/text id=\"email\" name=\"email\" required=\"false\" label=(lang 'products.reviews.form_write.email') value=customer.email}}\n                    {{/if}}\n                {{/if}}\n\n                <!-- Review Subject -->\n                {{> components/common/forms/text id=\"revtitle\" name=\"revtitle\" required=\"true\" label=(lang 'products.reviews.form_write.subject') value=product.reviews.title}}\n\n                <!-- Comments -->\n                {{> components/common/forms/multiline id=\"revtext\" name=\"revtext\" required=\"true\" label=(lang 'products.reviews.form_write.comments') value=product.reviews.text}}\n\n                {{{product.reviews.recaptcha.markup}}}\n\n                <div class=\"form-field\">\n                    <input type=\"submit\" class=\"button button--primary\"\n                           value=\"{{lang 'products.reviews.form_write.submit_value' }}\">\n                </div>\n                <input type=\"hidden\" name=\"product_id\" value=\"{{ product.id }}\">\n                <input type=\"hidden\" name=\"action\" value=\"post_review\">\n                {{#if product.reviews.throttleToken}}<input type=\"hidden\" name=\"throttleToken\" value=\"{{product.reviews.throttleToken}}\">{{/if}}\n            </fieldset>\n        </form>\n    </div>\n</div>\n","components/products/bulk-discount-rates":"{{#if bulk_discount_rates.length}}\n    {{#if product}}<dt class=\"productView-info-name\">{{lang 'products.bulk_pricing.title'}}</dt>{{/if}}\n    <dd class=\"productView-info-value\">\n        <a href=\"{{product.url}}#bulk_pricing\" {{#unless is_ajax }}data-reveal-id=\"modal-bulk-pricing\"{{/unless}}> {{lang 'products.bulk_pricing.view'}} </a>\n    </dd>\n    <div id=\"modal-bulk-pricing\" class=\"modal modal--small\" data-reveal>\n        <div class=\"modal-header\">\n            <h2 class=\"modal-header-title\">{{lang 'products.bulk_pricing.modal_title'}}</h2>\n            <a href=\"#\" class=\"modal-close\" aria-label=\"Close\"><span aria-hidden=\"true\">&#215;</span></a>\n        </div>\n        <div class=\"modal-body\">\n            <p>{{lang 'products.bulk_pricing.instructions'}}</p>\n            <ul>\n                {{#each bulk_discount_rates}}\n                <li>\n                    {{lang 'products.bulk_pricing.range' min=min max=max}}\n                    {{#if type '===' 'percent'}}\n                    {{lang 'products.bulk_pricing.percent' discount=discount.formatted}}\n                    {{else if type '===' 'fixed'}}\n                    {{lang 'products.bulk_pricing.fixed' discount=discount.formatted}}\n                    {{else if type '===' 'price'}}\n                    {{lang 'products.bulk_pricing.price' discount=discount.formatted}}\n                    {{/if}}\n                </li>\n                {{/each}}\n            </ul>\n        </div>\n    </div>\n{{/if}}\n","components/products/add-to-cart":"{{#if theme_settings.show_product_quantity_box}}\n    <div class=\"form-field form-field--increments\">\n            <div class=\"form-increment\" data-quantity-change>\n                <input class=\"form-input form-input--incrementTotal\"\n                       id=\"qty[]\"\n                       name=\"qty[]\"\n                       type=\"tel\"\n                       value=\"{{#if product.min_purchase_quantity}}{{product.min_purchase_quantity}}{{else}}1{{/if}}\"\n                       data-quantity-min=\"{{product.min_purchase_quantity}}\"\n                       data-quantity-max=\"{{product.max_purchase_quantity}}\"\n                       min=\"1\"\n                       pattern=\"[0-9]*\"\n                       aria-live=\"polite\">\n                <button class=\"button button--icon\" data-action=\"inc\">\n                    <span class=\"is-srOnly\">{{lang 'products.quantity_increase'}}</span>\n                    <i class=\"icon\" aria-hidden=\"true\">\n                        <svg>\n                            <use xlink:href=\"#icon-keyboard-arrow-up\"/>\n                        </svg>\n                    </i>\n                </button>\n                <button class=\"button button--icon\" data-action=\"dec\">\n                    <span class=\"is-srOnly\">{{lang 'products.quantity_decrease'}}</span>\n                    <i class=\"icon\" aria-hidden=\"true\">\n                        <svg>\n                            <use xlink:href=\"#icon-keyboard-arrow-down\"/>\n                        </svg>\n                    </i>\n                </button>\n            </div>\n    </div>\n{{/if}}\n\n<div class=\"alertBox productAttributes-message\" style=\"display:none\">\n    <div class=\"alertBox-column alertBox-icon\">\n        <icon glyph=\"ic-success\" class=\"icon\" aria-hidden=\"true\"><svg xmlns=\"http://www.w3.org/2000/svg\" width=\"24\" height=\"24\" viewBox=\"0 0 24 24\"><path d=\"M12 2C6.48 2 2 6.48 2 12s4.48 10 10 10 10-4.48 10-10S17.52 2 12 2zm1 15h-2v-2h2v2zm0-4h-2V7h2v6z\"></path></svg></icon>\n    </div>\n    <p class=\"alertBox-column alertBox-message\"></p>\n</div>\n{{#or customer (if theme_settings.restrict_to_login '!==' true)}}\n    <div class=\"form-action\">\n        <input id=\"form-action-addToCart\" data-wait-message=\"{{lang 'products.adding_to_cart'}}\" class=\"button button--primary\" type=\"submit\"\n            value=\"{{#if product.pre_order}}{{lang 'products.pre_order'}}{{else}}{{lang 'products.add_to_cart'}}{{/if}}\">\n    </div>\n{{/or}}\n","components/psdc-common/wishlist-model":"<div class=\"wishlist wishlist-popup modal-body\">\n  <form class=\"form form-wishlist form-action\" method=\"post\" id=\"{{#if schema}}ProductWishlist{{else}}QuickViewProductWishlist{{/if}}\" action=\"{{product.add_to_wishlist_url}}\" data-wishlist-add>\n      <div class=\"form-action\">\n\n          <input type=\"hidden\" name=\"variation_id\" value=\"\">\n          {{# if customer.wishlists.length '>=' 0 }}\n           <div id=\"drop1\" data-dropdown-content>\n               <div style=\"padding: 5px;\" class=\"wishlist_dropdownbox\">\n                  {{# if customer.wishlists.length '>' 0 }}\n                   {{#each customer.wishlists}}\n                     <input class=\"wishlistid button button--small button--primary\" formaction=\"/wishlist.php?action=add&wishlistid={{id}}&product_id={{../product.id}}\" type=\"submit\" value=\"{{name}}\">\n                   {{/each}}\n                   {{else}}\n                   <p>Please create a new Wishlist</p>\n                   {{/if}}\n                   <div class=\"wishlist-popup-btn\">\n                     {{#if customer}}\n                       <a data-wishlist class=\"button\" href=\"/wishlist.php?action=addwishlist&product_id={{../product.id}}\">{{lang 'account.wishlists.create_new'}}</a>\n                     {{/if}}\n\n                   </div>\n               </div>\n           </div>\n          {{/if}}\n      </div>\n  </form>\n</div>\n","components/common/share":"{{#if settings.add_this.buttons}}\n    <div class=\"addthis_toolbox addthis_32x32_style\" addthis:url=\"{{url}}\"\n         addthis:title=\"{{title}}\">\n        <ul class=\"socialLinks\">\n            {{#each settings.add_this.buttons}}\n                <li class=\"socialLinks-item socialLinks-item--{{service}}\">\n                    <a class=\"addthis_button_{{service}} icon icon--{{service}}\" {{{annotation}}}>\n                        {{#if service '===' 'facebook'}}\n                            <svg>\n                                <use xlink:href=\"#icon-facebook\"/>\n                            </svg>\n                        {{else if service '===' 'email'}}\n                            <svg>\n                                <use xlink:href=\"#icon-envelope\"/>\n                            </svg>\n                        {{else if service '===' 'print'}}\n                            <svg>\n                                <use xlink:href=\"#icon-print\"/>\n                            </svg>\n                        {{else if service '===' 'twitter'}}\n                            <svg>\n                                <use xlink:href=\"#icon-twitter\"/>\n                            </svg>\n                        {{else if service '===' 'linkedin'}}\n                            <svg>\n                                <use xlink:href=\"#icon-linkedin\"/>\n                            </svg>\n                        {{else if service '===' 'google'}}\n                            <svg>\n                                <use xlink:href=\"#icon-google\"/>\n                            </svg>\n                        {{else if service '===' 'pinterest'}}\n                            <svg>\n                                <use xlink:href=\"#icon-pinterest\"/>\n                            </svg>\n                        {{/if}}\n                    </a>\n                </li>\n            {{/each}}\n            <li class=\"socialLinks-item socialLinks-item--facebookLike\">\n                {{#if settings.facebook_like_button.enabled}}\n                    <iframe \n                        class=\"facebook{{#if settings.facebook_like_button.verb '===' 'recommend'}}Recommend{{else}}Like{{/if}}Btn\" \n                        style=\"border:none; overflow:hidden; margin: 0; padding: 0; position:absolute\" \n                        src=\"https://www.facebook.com/plugins/like.php?href={{settings.facebook_like_button.href}}&amp;layout=button_count{{#if settings.facebook_like_button.verb '===' 'recommend'}}&amp;action=recommend{{/if}}&amp;colorscheme=light&amp;height=20\" \n                        scrolling=\"no\" \n                        frameborder=\"0\" \n                        allowTransparency=\"true\">\n                    </iframe>\n                {{/if}} \n            </li>\n        </ul>\n        <script type=\"text/javascript\"\n                defer src=\"//s7.addthis.com/js/300/addthis_widget.js#pubid=ra-4e94ed470ee51e32\"></script>\n        <script>\n            window.addEventListener('DOMContentLoaded', function() {\n                if (typeof(addthis) === \"object\") {\n                    addthis.toolbox('.addthis_toolbox');\n                }\n            });\n        </script>\n    </div>\n{{/if}}\n","components/products/description-tabs":"{{#if product.description}}\n<section class=\"toggle\">\n  <h4 class=\"toggle-title\">\n      <a href=\"#tab-description\" class=\"toggleLink is-open\" data-collapsible>\n        <svg class=\"icon--name\"><use xlink:href=\"#icon-product-description\"></use></svg>\n        <span>{{lang 'products.description'}}</span>\n        <svg class=\"toggle-down-arrow\"><use xlink:href=\"#icon-keyboard-arrow-down\"></use></svg>\n      </a>\n  </h4>\n  <div class=\"toggle-content is-open\" id=\"tab-description\">\n    {{{product.description}}}\n  </div>\n</section>\n{{/if}}\n\n{{#if product.custom_fields}}\n    <section class=\"toggle\">\n      {{#if product.custom_fields}}\n      <h4 class=\"toggle-title\">\n          <a href=\"#tab-custom_fields\" class=\"toggleLink\" data-collapsible>\n            <svg class=\"icon--name\"><use xlink:href=\"#icon-product-other-details\"></use></svg>\n            <span>{{lang 'products.other-details'}}</span>\n            <svg class=\"toggle-down-arrow\"><use xlink:href=\"#icon-keyboard-arrow-down\"></use></svg>\n          </a>\n      </h4>\n      {{/if}}\n      {{#if product.custom_fields}}\n        <div class=\"toggle-content clearfix\" id=\"tab-custom_fields\">\n          {{#each product.custom_fields}}\n              <dt class=\"productView-info-name\">{{name}}:</dt>\n              <dd class=\"productView-info-value\">{{{value}}}</dd>\n          {{/each}}\n        </div>\n      {{/if}}\n    </section>\n{{/if}}\n\n{{#if product.warranty}}\n    <section class=\"toggle\">\n      {{#if product.warranty}}\n      <h4 class=\"toggle-title\">\n          <a href=\"#tab-warranty\" class=\"toggleLink\" data-collapsible>\n            <svg class=\"icon--name\"><use xlink:href=\"#icon-product-warranty\"></use></svg>\n            <span>{{lang 'products.warranty'}}</span>\n            <svg class=\"toggle-down-arrow\"><use xlink:href=\"#icon-keyboard-arrow-down\"></use></svg>\n          </a>\n      </h4>\n      {{/if}}\n      {{#if product.warranty}}\n        <div class=\"toggle-content\" id=\"tab-warranty\">\n          {{{product.warranty}}}\n        </div>\n      {{/if}}\n    </section>\n{{/if}}\n\n{{#if product.videos.list.length}}\n        {{> components/products/videos product.videos}}\n{{/if}}\n\n{{#if theme_settings.show_product_reviews_tabs}}\n  {{> components/products/reviews reviews=product.reviews product=product urls=urls}}\n{{/if}}\n","components/products/options/date":"<div class=\"form-field\" data-product-attribute=\"date\">\n    <label class=\"form-label form-label--alternate form-label--inlineSmall\" {{#if style}}style=\"{{style}}\" {{/if}}>\n        {{this.display_name}}:\n\n        {{#if required}}\n            <small>{{lang 'common.required'}}</small>\n        {{/if}}\n    </label>\n    <select class=\"form-select form-select--date\" name=\"attribute[{{this.id}}][month]\" {{#if required}}required{{/if}}>\n        <option value=\"\">{{lang 'common.month'}}</option>\n        {{#for 1 12}}\n            <option value=\"{{$index}}\" {{#if ../selected_date.month '==' $index}}selected=\"selected\"{{/if}}>\n                {{lang (concat 'common.short_months.' $index)}}\n            </option>\n        {{/for}}\n    </select>\n    <select class=\"form-select form-select--date\" name=\"attribute[{{this.id}}][day]\" {{#if required}}required{{/if}}>\n        <option value=\"\">{{lang 'common.day'}}</option>\n        {{#for 1 31}}\n            <option value=\"{{$index}}\" {{#if ../selected_date.day '==' $index}}selected=\"selected\"{{/if}}>\n                {{$index}}\n            </option>\n        {{/for}}\n    </select>\n    <select class=\"form-select form-select--date\" name=\"attribute[{{this.id}}][year]\" {{#if required}}required{{/if}}>\n        <option value=\"\">{{lang 'common.year'}}</option>\n        {{#for earliest_year latest_year}}\n            <option value=\"{{$index}}\" {{#if ../selected_date.year '==' $index}}selected=\"selected\"{{/if}}>\n                {{$index}}\n            </option>\n        {{/for}}\n        {{#if earliest_year '==' latest_year}}\n        <option value=\"{{earliest_year}}\" selected=\"selected\">{{earliest_year}}</option>\n        {{/if}}\n    </select>\n</div>\n","components/products/options/input-checkbox":"<div class=\"form-field\" data-product-attribute=\"input-checkbox\">\n    <label class=\"form-label form-label--alternate form-label--inlineSmall\">\n        {{display_name}}:\n\n        {{#if required}}\n            <small>{{lang 'common.required'}}</small>\n        {{/if}}\n    </label>\n    <input type=\"hidden\" name=\"attribute[{{id}}]\" value=\"{{noValue}}\" />\n    <input\n        class=\"form-checkbox\"\n        type=\"checkbox\"\n        name=\"attribute[{{id}}]\"\n        id=\"attribute-check-{{id}}\"\n        value=\"{{value}}\"\n        {{#if checked}}\n            checked\n            data-default\n        {{/if}}\n        {{#if required}}required{{/if}}>\n\n    <label class=\"form-label {{class}}\" for=\"attribute-check-{{id}}\">{{label}}</label>\n</div>\n","components/products/options/input-file":"<div class=\"form-field\" data-product-attribute=\"input-file\">\n    <label class=\"form-label form-label--alternate form-label--inlineSmall\" for=\"attribute_file_{{id}}\">\n        {{ this.display_name }}:\n\n        {{#if required}}\n            <small>{{lang 'common.required'}}</small>\n        {{/if}}\n    </label>\n\n    <input class=\"form-file\" type=\"file\" id=\"attribute_file_{{id}}\" name=\"attribute[{{this.id}}]\" {{#if required}}required{{/if}}>\n    {{#if original_name}}\n        {{{lang 'products.file_option_set' url=file_url name=original_name}}}\n        <label>{{lang 'cart.remove_file'}}<input type=\"checkbox\" name=\"{{file_remove}}\"></label>\n    {{/if}}\n    <p class=\"form-fileDescription\">{{#if file_size}}{{lang 'products.max_filesize'}} <strong>{{file_size}}</strong>, {{/if}}{{#if file_types}}{{lang 'products.filetypes'}} <strong>{{file_types}}</strong>{{/if}}</p>\n\n</div>\n","components/products/options/input-numbers":"<div class=\"form-field\" data-product-attribute=\"input-number\">\n    <label class=\"form-label form-label--alternate form-label--inlineSmall\" for=\"attribute_number_{{id}}\">\n        {{ this.display_name }}:\n\n        {{#if required}}\n            <small>{{lang 'common.required'}}</small>\n        {{/if}}\n    </label>\n\n    <input class=\"form-input\" type=\"number\" id=\"attribute_number_{{id}}\" {{#unless this.integer_only}}step=\"any\"{{/unless}} name=\"attribute[{{this.id}}]\" value=\"{{this.prefill}}\" {{#if required}}required{{/if}}>\n</div>\n","components/products/options/input-text":"<div class=\"form-field\" data-product-attribute=\"input-text\">\n    <label class=\"form-label form-label--alternate form-label--inlineSmall\" for=\"attribute_text_{{id}}\">\n        {{ this.display_name }}:\n\n        {{#if required}}\n            <small>{{lang 'common.required'}}</small>\n        {{/if}}\n    </label>\n\n    <input class=\"form-input form-input--small\" type=\"text\" id=\"attribute_text_{{id}}\" name=\"attribute[{{this.id}}]\" value=\"{{this.prefill}}\" {{#if required}}required{{/if}} {{#if max_length}}maxlength=\"{{max_length}}\"{{/if}}>\n</div>\n","components/products/options/product-list":"<div class=\"form-field\" data-product-attribute=\"product-list\">\n    <label class=\"form-label form-label--alternate form-label--inlineSmall\">\n        {{display_name}}:\n        <span data-option-value></span>\n\n        {{#if required}}\n            <small>{{lang 'common.required'}}</small>\n        {{/if}}\n    </label>\n\n    {{#if values.0.image}}\n        <ul class=\"productOptions-list\">\n            {{#unless required}}\n                <li class=\"productOptions-list-item\">\n                    <input class=\"form-radio\"\n                           type=\"radio\"\n                           name=\"attribute[{{id}}]\"\n                           value=\"0\"\n                           id=\"attribute_productlist_0_{{id}}\"\n                           checked=\"{{#if defaultValue '==' 0}}checked{{/if}}\" required>\n                    <label class=\"form-label\" for=\"attribute_productlist_0_{{id}}\">{{lang 'products.none'}}</label>\n                </li>\n            {{/unless}}\n            {{#each values}}\n                <li class=\"productOptions-list-item\" data-product-attribute-value=\"{{id}}\">\n                    {{#if image}}\n                        <figure class=\"productOptions-list-item-figure\">\n                                {{> components/common/responsive-img\n                                    image=image\n                                    class=\"productOptions-list-item-image\"\n                                    lazyload='lazyload+lqip'\n                                }}\n                        </figure>\n                    {{/if}}\n                    <div class=\"productOptions-list-item-content\">\n                        <input\n                            class=\"form-radio\"\n                            type=\"radio\"\n                            name=\"attribute[{{../id}}]\"\n                            value=\"{{id}}\"\n                            id=\"attribute_productlist_{{../id}}_{{id}}\"\n                            {{#if selected}}\n                                checked\n                                data-default\n                            {{/if}}\n                            {{#if ../required}}required{{/if}}>\n                        <label data-product-attribute-value=\"{{id}}\" class=\"form-label\" for=\"attribute_productlist_{{../id}}_{{id}}\">{{label}}</label>\n                    </div>\n                </li>\n            {{/each}}\n        </ul>\n    {{else}}\n        {{#unless required}}\n        <input class=\"form-radio\"\n               type=\"radio\"\n               name=\"attribute[{{id}}]\"\n               value=\"0\"\n               id=\"attribute_productlist_0_{{id}}\"\n               {{#if defaultValue '==' 0}}checked{{/if}}>\n        <label class=\"form-label\" for=\"attribute_productlist_0_{{id}}\">{{lang 'products.none'}}</label>\n        {{/unless}}\n        {{#each values}}\n            <input\n                class=\"form-radio\"\n                type=\"radio\"\n                name=\"attribute[{{../id}}]\"\n                value=\"{{id}}\"\n                id=\"attribute_productlist_{{../id}}_{{id}}\"\n                {{#if selected}}checked{{/if}}\n                {{#if ../required}}required{{/if}}>\n            <label data-product-attribute-value=\"{{id}}\" class=\"form-label\" for=\"attribute_productlist_{{../id}}_{{id}}\">{{label}}</label>\n        {{/each}}\n    {{/if}}\n</div>\n","components/products/options/set-radio":"<div class=\"form-field\" data-product-attribute=\"set-radio\">\n    <label class=\"form-label form-label--alternate form-label--inlineSmall\">\n        {{ this.display_name }}:\n\n        {{#if required}}\n            <small>{{lang 'common.required'}}</small>\n        {{/if}}\n    </label>\n\n    {{#each this.values}}\n        <input\n            class=\"form-radio\"\n            type=\"radio\"\n            id=\"attribute_radio_{{../id}}_{{id}}\"\n            name=\"attribute[{{../id}}]\"\n            value=\"{{id}}\"\n            {{#if selected}}\n                checked\n                data-default\n            {{/if}}\n            {{#if ../required}}required{{/if}}>\n        <label data-product-attribute-value=\"{{id}}\" class=\"form-label\" for=\"attribute_radio_{{../id}}_{{id}}\">{{this.label}}</label>\n    {{/each}}\n</div>\n","components/products/options/set-rectangle":"<div class=\"form-field\" data-product-attribute=\"set-rectangle\">\n    <label class=\"form-label form-label--alternate form-label--inlineSmall\">\n        {{this.display_name}}:\n        <span data-option-value></span>\n        {{#if required}}\n            <small>{{lang 'common.required'}}</small>\n        {{/if}}\n    </label>\n    {{#each this.values}}\n        <input\n            class=\"form-radio\"\n            type=\"radio\"\n            id=\"attribute_rectangle__{{../id}}_{{id}}\"\n            name=\"attribute[{{../id}}]\"\n            value=\"{{id}}\"\n            {{#if selected}}\n                checked\n                data-default\n            {{/if}}\n            {{#if ../required}}required{{/if}}>\n        <label class=\"form-option\" for=\"attribute_rectangle__{{../id}}_{{id}}\" data-product-attribute-value=\"{{id}}\">\n            <span class=\"form-option-variant\">{{this.label}}</span>\n        </label>\n    {{/each}}\n</div>\n","components/products/options/set-select":"<div class=\"form-field\" data-product-attribute=\"set-select\">\n    <label class=\"form-label form-label--alternate form-label--inlineSmall\" for=\"attribute_select_{{id}}\">\n        {{ this.display_name }}:\n\n        {{#if required}}\n            <small>{{lang 'common.required'}}</small>\n        {{/if}}\n    </label>\n\n    <select class=\"form-select form-select--small\" name=\"attribute[{{this.id}}]\" id=\"attribute_select_{{id}}\" {{#if required}}required{{/if}}>\n        <option value=\"\">{{lang 'products.choose_options'}}</option>\n        {{#each this.values}}\n            <option data-product-attribute-value=\"{{id}}\" value=\"{{id}}\" {{#if selected}}selected data-default{{/if}}>{{label}}</option>\n        {{/each}}\n    </select>\n</div>\n","components/products/options/swatch":"<div class=\"form-field\" data-product-attribute=\"swatch\">\n    <label class=\"form-label form-label--alternate form-label--inlineSmall\">\n        {{this.display_name}}:\n        <span data-option-value></span>\n\n        {{#if required}}\n            <small>{{lang 'common.required'}}</small>\n        {{/if}}\n    </label>\n\n    {{#each this.values}}\n        <input class=\"form-radio\" type=\"radio\" name=\"attribute[{{../id}}]\" value=\"{{id}}\" id=\"attribute_swatch_{{../id}}_{{id}}\" {{#if selected}}checked data-default{{/if}} {{#if ../required}}required{{/if}}>\n        <label class=\"form-option form-option-swatch\" for=\"attribute_swatch_{{../id}}_{{id}}\" data-product-attribute-value=\"{{id}}\">\n            {{#if image}}\n                <span class='form-option-variant form-option-variant--pattern' title=\"{{this.label}}\" style=\"background-image: url('{{getImage image \"swatch_option_size\"}}');\"></span>\n            {{/if}}\n            {{#if data.[2]}}\n                <span class='form-option-variant form-option-variant--color' title=\"{{this.label}}\" style=\"background-color: #{{data.[0]}}\"></span>\n                <span class='form-option-variant form-option-variant--color' title=\"{{this.label}}\" style=\"background-color: #{{data.[1]}}\"></span>\n                <span class='form-option-variant form-option-variant--color' title=\"{{this.label}}\" style=\"background-color: #{{data.[2]}}\"></span>\n            {{else}}\n                {{#if data.[1]}}\n                    <span class='form-option-variant form-option-variant--color' title=\"{{this.label}}\" style=\"background-color: #{{data.[0]}}\"></span>\n                    <span class='form-option-variant form-option-variant--color' title=\"{{this.label}}\" style=\"background-color: #{{data.[1]}}\"></span>\n                {{else}}\n                    {{#if data.[0]}}\n                        <span class='form-option-variant form-option-variant--color' title=\"{{this.label}}\" style=\"background-color: #{{data.[0]}}\"></span>\n                    {{/if}}\n                {{/if}}\n            {{/if}}\n            {{#if pattern}}\n                <span class=\"form-option-expanded\">\n                    <span class=\"form-option-image\" style=\"background-image: url('{{getImage image 'core-swatch'}}');\"></span>\n                </span>\n            {{/if}}\n        </label>\n    {{/each}}\n</div>\n","components/products/options/textarea":"<div class=\"form-field\" data-product-attribute=\"textarea\">\n    <label class=\"form-label form-label--alternate form-label--inlineSmall\" for=\"attribute_textarea_{{id}}\">\n        {{display_name}}:\n\n        {{#if required}}\n            <small>{{lang 'common.required'}}</small>\n        {{/if}}\n    </label>\n\n    <textarea class=\"form-input\" id=\"attribute_textarea_{{id}}\" name=\"attribute[{{id}}]\" {{#if required}}required{{/if}} {{#if max_length}}maxlength={{max_length}}{{/if}}>{{prefill}}</textarea>\n</div>\n","components/products/price-range":"{{#and price.retail_price_range.min.with_tax price.retail_price_range.max.with_tax}}\n    <div class=\"price-section price-section--withTax rrp-price--withTax\">\n        {{theme_settings.pdp-retail-price-label}}\n        <span data-product-rrp-price-with-tax class=\"price price--rrp\">{{price.retail_price_range.min.with_tax.formatted}} - {{price.retail_price_range.max.with_tax.formatted}}</span>\n    </div>\n{{else}}\n    {{#if price.with_tax}}\n        <div class=\"price-section price-section--withTax rrp-price--withTax\" style=\"display: none;\">\n            {{theme_settings.pdp-retail-price-label}}\n            <span data-product-rrp-with-tax class=\"price price--rrp\">\n                {{price.rrp_with_tax.formatted}}\n            </span>\n        </div>\n    {{/if}}\n{{/and}}\n{{#and price.price_range.min.with_tax price.price_range.max.with_tax}}\n    {{!-- Never display the \"non-sales price\" if there is a price range to be shown, but we do want the element on the page --}}\n    <div class=\"price-section price-section--withTax non-sale-price--withTax\" style=\"display: none;\">\n        {{theme_settings.pdp-non-sale-price-label}}\n        <span data-product-non-sale-price-with-tax class=\"price price--non-sale\">\n            {{price.non_sale_price_with_tax.formatted}}\n        </span>\n    </div>\n    <div class=\"price-section price-section--withTax\" {{#if schema_org}}itemprop=\"offers\" itemscope itemtype=\"http://schema.org/Offer\"{{/if}}>\n        <span class=\"price-label\">{{theme_settings.pdp-price-label}}</span>\n        <span class=\"price-now-label\" style=\"display: none;\">{{theme_settings.pdp-sale-price-label}}</span>\n        <span data-product-price-with-tax class=\"price price--withTax\">{{price.price_range.min.with_tax.formatted}} - {{price.price_range.max.with_tax.formatted}}</span>\n        {{#and price.price_range.min.without_tax price.price_range.max.without_tax}}\n            <abbr title=\"{{lang 'products.including_tax'}}\">{{lang 'products.price_with_tax' tax_label=price.price_range.min.tax_label}}</abbr>\n        {{/and}}\n        {{#if schema_org}}\n            <meta itemprop=\"availability\" itemtype=\"http://schema.org/ItemAvailability\" content=\"http://schema.org/{{#if product.pre_order}}PreOrder{{else if product.out_of_stock}}OutOfStock{{else if product.can_purchase '===' false}}OutOfStock{{else}}InStock{{/if}}\">\n            <meta itemprop=\"itemCondition\" itemtype=\"http://schema.org/OfferItemCondition\" content=\"http://schema.org/{{product.condition}}Condition\">\n            <meta itemprop=\"priceCurrency\" content=\"{{currency_selector.active_currency_code}}\">\n            <meta itemprop=\"url\" content=\"{{product.url}}\">\n            <div itemprop=\"priceSpecification\" itemscope itemtype=\"http://schema.org/PriceSpecification\">\n                <meta itemprop=\"minPrice\" content=\"{{price_range.min.with_tax.value}}\"  />\n                <meta itemprop=\"price\" content=\"{{price_range.min.with_tax.value}}\">\n                <meta itemprop=\"maxPrice\" content=\"{{price_range.max.with_tax.value}}\"  />\n                <meta itemprop=\"priceCurrency\" content=\"{{currency_selector.active_currency_code}}\">\n                <meta itemprop=\"valueAddedTaxIncluded\" content=\"true\">\n            </div>\n        {{/if}}\n    </div>\n{{/and}}\n{{#and price.retail_price_range.min.without_tax price.retail_price_range.max.without_tax}}\n    <div class=\"price-section price-section--withoutTax rrp-price--withoutTax{{#if price.with_tax}} price-section--minor{{/if}}\">\n        {{theme_settings.pdp-retail-price-label}}\n        <span data-product-rrp-price-without-tax class=\"price price--rrp\">{{price.retail_price_range.min.without_tax.formatted}} - {{price.retail_price_range.max.without_tax.formatted}}</span>\n    </div>\n{{else}}\n    {{#if price.without_tax}}\n        <div class=\"price-section price-section--withoutTax rrp-price--withoutTax{{#if price.with_tax}} price-section--minor{{/if}}\" style=\"display: none;\">\n            {{theme_settings.pdp-retail-price-label}}\n            <span data-product-rrp-price-without-tax class=\"price price--rrp\">\n                {{price.rrp_without_tax.formatted}}\n            </span>\n        </div>\n    {{/if}}\n{{/and}}\n{{#and price.price_range.min.without_tax price.price_range.max.without_tax}}\n    {{!-- Never display the \"non-sales price\" if there is a price range to be shown, but we do want the element on the page --}}\n    <div class=\"price-section price-section--withoutTax non-sale-price--withoutTax{{#if price.with_tax}} price-section--minor{{/if}}\" style=\"display: none;\">\n        {{theme_settings.pdp-non-sale-price-label}}\n        <span data-product-non-sale-price-without-tax class=\"price price--non-sale\">\n            {{price.non_sale_price_without_tax.formatted}}\n        </span>\n    </div>\n    <div class=\"price-section price-section--withoutTax{{#and price_range.min.with_tax price_range.max.with_tax}} price-section--minor{{/and}}\" {{#if schema_org}}itemprop=\"offers\" itemscope itemtype=\"http://schema.org/Offer\"{{/if}}>\n        <span class=\"price-label\">{{theme_settings.pdp-price-label}}</span>\n        <span class=\"price-now-label\" style=\"display: none;\">{{theme_settings.pdp-sale-price-label}}</span>\n        <span data-product-price-without-tax class=\"price price--withoutTax\">{{price.price_range.min.without_tax.formatted}} - {{price.price_range.max.without_tax.formatted}}</span>\n        {{#and price.price_range.min.with_tax price.price_range.max.with_tax}}\n            <abbr title=\"{{lang 'products.excluding_tax'}}\">{{lang 'products.price_without_tax' tax_label=price.price_range.min.tax_label}}</abbr>\n        {{/and}}\n        {{#if schema_org}}\n            <meta itemprop=\"availability\" itemtype=\"http://schema.org/ItemAvailability\"\n            content=\"http://schema.org/{{#if product.pre_order}}PreOrder{{else if product.out_of_stock}}OutOfStock{{else if product.can_purchase '===' false}}OutOfStock{{else}}InStock{{/if}}\">\n            <meta itemprop=\"itemCondition\" itemtype=\"http://schema.org/OfferItemCondition\" content=\"http://schema.org/{{product.condition}}Condition\">\n            <meta itemprop=\"priceCurrency\" content=\"{{currency_selector.active_currency_code}}\">\n            <meta itemprop=\"url\" content=\"{{product.url}}\">\n            <div itemprop=\"priceSpecification\" itemscope itemtype=\"http://schema.org/PriceSpecification\">\n                <meta itemprop=\"minPrice\" content=\"{{price.price_range.min.without_tax.value}}\"  />\n                <meta itemprop=\"price\" content=\"{{price.price_range.min.without_tax.value}}\">\n                <meta itemprop=\"maxPrice\" content=\"{{price.price_range.max.without_tax.value}}\"  />\n                <meta itemprop=\"priceCurrency\" content=\"{{currency_selector.active_currency_code}}\">\n                <meta itemprop=\"valueAddedTaxIncluded\" content=\"false\">\n            </div>\n        {{/if}}\n    </div>\n{{/and}}\n\n{{!-- Never display the \"saving price\" element by default if there is a price range on the page to be shown --}}\n{{#if page_type '===' 'product'}}\n     <div class=\"price-section price-section--saving price\" style=\"display: none;\">\n            <span class=\"price\">{{lang 'products.you_save_opening_text'}}</span>\n            <span data-product-price-saved class=\"price price--saving\">\n                {{price.saved.formatted}}\n            </span>\n            <span class=\"price\">{{lang 'products.you_save_closing_bracket'}}</span>\n     </div>\n{{/if}}\n","components/common/forms/text":"<div class=\"form-field\" id=\"{{id}}\" data-validation=\"{{validation}}\" {{#if private_id}}data-type=\"{{private_id}}\"{{/if}}>\n    <label class=\"form-label\" for=\"{{id}}_input\">{{label}}\n        {{#if required}}<small>{{lang 'common.required' }}</small>{{/if}}\n    </label>\n    <input type=\"text\" id=\"{{id}}_input\" data-label=\"{{label}}\" name=\"{{name}}\" {{#if value}} value=\"{{value}}\"{{/if}} {{#if placeholder}} placeholder=\"{{placeholder}}\"{{/if}} class=\"form-input\" aria-required=\"{{required}}\" {{#if private_id}}data-field-type=\"{{private_id}}\"{{/if}}>\n</div>\n","components/common/forms/multiline":"<div class=\"form-field\" id=\"{{id}}\" data-validation=\"{{validation}}\">\n    <label class=\"form-label\" for=\"{{id}}_input\">{{label}}\n        {{#if required}}\n            <small>{{lang 'common.required' }}</small>\n        {{/if}}\n    </label>\n    <textarea name=\"{{name}}\" id=\"{{id}}_input\" data-label=\"{{label}}\" rows=\"{{rows}}\" aria-required=\"{{required}}\" class=\"form-input\" {{#if private_id}}data-field-type=\"{{private_id}}\"{{/if}}>{{value}}</textarea>\n</div>\n","components/products/videos":"<section class=\"toggle videoGallery\" data-video-gallery>\n    <h4 class=\"toggle-title\">\n        <a href=\"#videoGallery-content\" class=\"toggleLink\" data-collapsible>\n          <svg class=\"icon--name\"><use xlink:href=\"#icon-product-video\"></use></svg>\n          <span>{{lang 'products.videos.header'}}</span>\n          <svg class=\"toggle-down-arrow\"><use xlink:href=\"#icon-keyboard-arrow-down\"></use></svg>\n        </a>\n    </h4>\n\n    <div class=\"toggle-content\" id=\"videoGallery-content\">\n      <div class=\"videoGallery-section\">\n        <div class=\"videoGallery-main-inn\">\n          <div class=\"videoGallery-main\">\n              <iframe\n                  id=\"player\"\n                  class=\"lazyload\"\n                  type=\"text/html\"\n                  width=\"100%\"\n                  height=\"100%\"\n                  frameborder=\"0\"\n                  webkitAllowFullScreen\n                  mozallowfullscreen\n                  allowFullScreen\n                  data-src=\"//www.youtube.com/embed/{{this.featured.id}}\"\n                  data-video-player>\n              </iframe>\n          </div>\n        </div>\n        <ul class=\"videoGallery-list\">\n          {{#each this.list}}\n              <li class=\"videoGallery-item\">\n                  <a href=\"#\" class=\"video {{#if @first}}is-active{{/if}}\" data-video-item data-video-id=\"{{id}}\">\n                      <div class=\"video-figure\">\n                          <img class=\"lazyload\" data-sizes=\"auto\" src=\"{{cdn 'img/loading.svg'}}\" data-src=\"//i.ytimg.com/vi/{{id}}/default.jpg\"/>\n                      </div>\n                      <div class=\"video-body\">\n                          <h5 class=\"video-title\">{{title_long}}</h5>\n                          <p class=\"video-description\">{{description_short}}</p>\n                      </div>\n                  </a>\n              </li>\n          {{/each}}\n        </ul>\n      </div>\n    </div>\n\n</section>\n","components/products/reviews":"  {{#if reviews.total}}\n  <section class=\"toggle productReviews\" id=\"product-reviews\" data-product-reviews>\n      <h4 class=\"toggle-title\">\n          {{#if theme_settings.show_product_reviews_tabs}}\n              <a class=\"toggleLink\" data-collapsible href=\"#productReviews-content\">\n                <svg class=\"icon--name\"><use xlink:href=\"#icon-product-review\"></use></svg>\n                <span>{{lang 'products.reviews.review_header' total=reviews.total}}</span>\n                <svg class=\"toggle-down-arrow\"><use xlink:href=\"#icon-keyboard-arrow-down\"></use></svg>\n              </a>\n          {{/if}}\n      </h4>\n      <div class=\"toggle-content\" id=\"productReviews-content\" aria-hidden=\"false\">\n          <ul class=\"productReviews-list\" id=\"productReviews-list\">\n              {{#each reviews.list}}\n              <li class=\"productReview\">\n                  <article itemprop=\"review\" itemscope itemtype=\"http://schema.org/Review\">\n                      <header>\n                          <span class=\"productReview-rating rating--small\" itemprop=\"reviewRating\" itemscope itemtype=\"http://schema.org/Rating\">\n                              {{> components/products/ratings rating=rating}}\n                              <span class=\"productReview-ratingNumber\" itemprop=\"ratingValue\">{{ rating }}</span>\n                          </span>\n                          <h5 itemprop=\"name\" class=\"productReview-title\">{{ title }}</h5>\n                          {{#if name}}\n                              <meta itemprop=\"author\" content=\"{{name}}\">\n                              <p class=\"productReview-author\">\n                                  {{lang 'products.reviews.post_on_by' date=date name=name }}\n                              </p>\n                          {{else}}\n                              <p class=\"productReview-author\">\n                                  {{lang 'products.reviews.post_on_by' date=date name=(lang 'products.reviews.anonymous_poster')}}\n                              </p>\n                          {{/if}}\n                      </header>\n                      <p itemprop=\"reviewBody\" class=\"productReview-body\">{{nl2br text}}</p>\n                  </article>\n              </li>\n              {{/each}}\n          </ul>\n          {{> components/common/paginator pagination.reviews}}\n      </div>\n  </section>\n  {{/if}}\n","components/common/paginator":"<div class=\"pagination\">\n    <ul class=\"pagination-list\">\n        {{#if previous}}\n            <li class=\"pagination-item pagination-item--previous\">\n                <a class=\"pagination-link\" href=\"{{previous}}\" {{#unless reload}}data-faceted-search-facet{{/unless}}>\n                    <i class=\"icon\" aria-hidden=\"true\">\n                        <svg>\n                            <use xmlns:xlink=\"http://www.w3.org/1999/xlink\" xlink:href=\"#icon-chevron-left\"></use>\n                        </svg>\n                    </i>\n                    {{lang 'common.previous'}}\n                </a>\n            </li>\n        {{/if}}\n        {{#each links}}\n            {{#if this.number '==' ../current}}\n                <li class=\"pagination-item pagination-item--current\">\n                    <a class=\"pagination-link\" href=\"{{this.url}}\" {{#unless reload}}data-faceted-search-facet{{/unless}}>{{this.number}}</a>\n                </li>\n            {{else}}\n                <li class=\"pagination-item\">\n                    <a class=\"pagination-link\" href=\"{{this.url}}\" {{#unless reload}}data-faceted-search-facet{{/unless}}>{{this.number}}</a>\n                </li>\n            {{/if}}\n        {{/each}}\n\n        {{#if next}}\n            <li class=\"pagination-item pagination-item--next\">\n                <a class=\"pagination-link\" href=\"{{next}}\" {{#unless reload}}data-faceted-search-facet{{/unless}}>\n                    {{lang 'common.next'}}\n                    <i class=\"icon\" aria-hidden=\"true\">\n                        <svg>\n                            <use xmlns:xlink=\"http://www.w3.org/1999/xlink\" xlink:href=\"#icon-chevron-right\"></use>\n                        </svg>\n                    </i>\n                </a>\n            </li>\n        {{/if}}\n    </ul>\n</div>\n"}