{"components/psdc-common/carousel":"<section class=\"heroCarousel\"\n    data-slick='{\n        \"arrows\": {{arrows}},\n        \"mobileFirst\": true,\n        \"slidesToShow\": 1,\n        \"slidesToScroll\": 1,\n        \"adaptiveHeight\": true,\n        \"autoplay\": true,\n        \"autoplaySpeed\": {{carousel.swap_frequency}},\n        \"lazyLoad\": \"anticipated\"\n    }'>\n    {{#each carousel.slides}}\n    <a href=\"{{url}}\">\n        <div class=\"heroCarousel-slide {{#if ../theme_settings.homepage_stretch_carousel_images}}stretch{{/if}} {{#if @first}}heroCarousel-slide--first{{/if}}\">\n            <div class=\"heroCarousel-image-wrapper\" {{#and image_height image_width}}style=\"height: {{multiply (divide image_height image_width) 100}}vw\"{{/and}}>\n            <img class=\"heroCarousel-image\" {{#if @first}}src{{else}}data-lazy{{/if}}=\"{{image}}&imbypass=on\" alt=\"{{alt_text}}\" title=\"{{alt_text}}\"\n                {{#if image_width}}width=\"{{image_width}}\"{{/if}} {{#if image_height}}height=\"{{image_height}}\"{{/if}} />\n            </div>\n            {{#if heading}}\n                {{> components/carousel-content show_background=true}}\n            {{else}}\n                {{#if text}}\n                    {{> components/carousel-content show_background=true}}\n                {{else}}\n                    {{#if button_text}}\n                        {{> components/carousel-content show_background=false}}\n                    {{/if}}\n                {{/if}}\n            {{/if}}\n        </div>\n    </a>\n    {{/each}}\n</section>\n","components/carousel-content":"<div data-animation-in=\"fadeIn\" class=\"animated fadeIn heroCarousel-content{{#unless show_background}} heroCarousel-content--empty{{/unless}}\">\n    <h1 data-animation-in=\"slideInUp\" class=\"animated slideInUp heroCarousel-title\">{{{heading}}}</h1>\n    <p data-animation-in=\"slideInUp\" class=\"animated slideInUp  heroCarousel-description\">{{{text}}}</p>\n    {{#if button_text}}\n        <span data-animation-in=\"slideInUp\" class=\"animated slideInUp heroCarousel-action button button--primary button--large\">\n          <span class=\"heroCarousel-action-inn\">\n            {{button_text}}<svg ><use xlink:href=\"#icon-arrow-slider\"></use></svg>\n          </span>\n        </span>\n    {{/if}}\n</div>\n"}