{"pages/home":"---\nproducts:\n    new:\n        limit: {{theme_settings.homepage_new_products_count}}\n    featured:\n        limit: {{theme_settings.homepage_featured_products_count}}\n    top_sellers:\n        limit: {{theme_settings.homepage_top_products_count}}\ncarousel: {{theme_settings.homepage_show_carousel}}\nblog:\n    recent_posts:\n        limit: {{theme_settings.homepage_blog_posts_count}}\n---\n{{#partial \"hero\"}}\n    {{{region name=\"home_below_menu\"}}}\n    {{#if carousel}}\n        {{> components/psdc-common/carousel arrows=theme_settings.homepage_show_carousel_arrows}}\n    {{/if}}\n    {{{region name=\"home_below_carousel\"}}}\n{{/partial}}\n\n{{#partial \"page\"}}\n\n    {{#each shipping_messages}}\n        {{> components/common/alert-info message}}\n    {{/each}}\n\n<div class=\"main full\">\n\n    <!-- Home Top Banner -->\n    {{#if banners.top}}\n    <div class=\"banners\" data-banner-location=\"top\">\n        {{#each (limit banners.top_metadata 1)}}\n        <div class=\"banner\" data-event-type=\"promotion\" data-entity-id=\"{{this.id}}\" data-name=\"{{this.banner-name}}\" data-position=\"{{this.location}}\" data-banner-id=\"{{this.banner-name}}\">\n            <div data-event-type=\"promotion-click\">\n                {{{this.content}}}\n            </div>\n        </div>\n        {{/each}}\n    </div>\n    {{/if}}\n\n    <!-- Home promotional banner Section -->\n    {{> components/psdc-common/home-promotional-banner}}\n\n    <!-- Product Section -->\n    <!-- Featured Product Section -->\n    {{#if products.featured}}\n        <div class=\"product-section m-b-40\">\n            {{> components/products/featured products=products.featured columns=theme_settings.homepage_featured_products_column_count}}\n        </div>\n    {{/if}}\n    {{{region name=\"home_below_featured_products\"}}}\n    <!-- Top Product Section -->\n    {{#if products.top_sellers}}\n        <div class=\"product-section m-b-40\">\n            {{> components/products/top products=products.top_sellers columns=theme_settings.homepage_top_products_column_count}}\n        </div>\n    {{/if}}\n    {{{region name=\"home_below_top_products\"}}}\n    <!-- New Product Section -->\n    {{#if products.new}}\n        <div class=\"product-section m-b-40\">\n            {{> components/products/new products=products.new columns=theme_settings.homepage_new_products_column_count}}\n        </div>\n    {{/if}}\n    {{{region name=\"home_below_new_products\"}}}\n    \n    <!-- Instagram Section -->\n    {{#if theme_settings.show_instaram}}\n        {{> components/psdc-common/instagram }}\n    {{/if}}\n\n    <!-- Blog Post Section -->\n    {{#if settings.blog_enabled}}\n        {{> components/psdc-common/home-blog-section }}\n    {{/if}}\n    <!-- Home Bottom Banner -->\n    <div class=\"banners home-bottom-banner m-b-40\" data-banner-location=\"bottom\">\n        {{#each (limit banners.bottom_metadata 1)}}\n            <div class=\"banner\" data-event-type=\"promotion\" data-entity-id=\"{{this.id}}\" data-name=\"{{this.banner-name}}\" data-position=\"{{this.location}}\" data-name=\"{{this.banner-name}}\">\n                <div data-event-type=\"promotion-click\">\n                    {{{this.content}}}\n                </div>\n            </div>\n        {{/each}}\n    </div>\n    {{#if settings.show_newsletter_box}}\n        <div class=\"mailing-wrap\">\n            <h1>JOIN OUR MAILING LIST</h1>\n            <h4>Learn about new arrivals, sales, and <br /> recommendations</h4>\n            <article class=\"footer-info-newsletter\" data-section-type=\"newsletterSubscription\">\n                <div class=\"footer-info-newsletter-inn\">\n                {{#if settings.show_newsletter_box}}\n                    {{> components/common/subscription-form}}\n                {{/if}}\n                </div>\n            </article>\n        </div>\n    {{/if}}\n    <div class=\"follow-us-wrap\">\n        <h3><strong>FOLLOW US</strong></h3>\n        <h5>@birdandbeanshop</h5>\n        <div class=\"elfsight-app-6e24c406-62b6-4dfb-ab1a-a25573c34379\"></div>\n    </div>\n    {{#if settings.address}}\n    <div class=\"come-find-us\">\n        <div class=\"bg-come-find-us\"></div>\n        <div class=\"come-find-us-content\">\n            <div class=\"contact-info-wrap\">\n                <h2><strong>Come Find Us</strong></h2>\n                <div class=\"come-find-us-bottom-line\"></div>\n                <h6 class=\"contact-info\">\n                    <!-- 3212 College Avenue <br /> Berkeley, CA 94705 <br /> (510) 8797066 -->\n                    <span>{{nl2br settings.address}}</span>\n                    <p>\n                        {{#if settings.phone_number}}\n                            <strong>{{lang 'footer.call_us' phone_number=settings.phone_number}}</strong>\n                        {{/if}}\n                    </p>\n                </h6>\n                <a>\n                    <div class=\"btn-view-retail-locations\">\n                        <h5><strong>View Retail Locations</strong></h5>\n                    </div>\n                </a>\n            </div>\n        </div>\n    </div>\n    {{/if}}\n</div>\n{{/partial}}\n{{> layout/base}}\n","components/psdc-common/carousel":"<section class=\"heroCarousel\"\n    data-slick='{\n        \"arrows\": {{arrows}},\n        \"mobileFirst\": true,\n        \"slidesToShow\": 1,\n        \"slidesToScroll\": 1,\n        \"adaptiveHeight\": true,\n        \"autoplay\": true,\n        \"autoplaySpeed\": {{carousel.swap_frequency}},\n        \"lazyLoad\": \"anticipated\"\n    }'>\n    {{#each carousel.slides}}\n    <a href=\"{{url}}\">\n        <div class=\"heroCarousel-slide {{#if ../theme_settings.homepage_stretch_carousel_images}}stretch{{/if}} {{#if @first}}heroCarousel-slide--first{{/if}}\">\n            <div class=\"heroCarousel-image-wrapper\" {{#and image_height image_width}}style=\"height: {{multiply (divide image_height image_width) 100}}vw\"{{/and}}>\n            <img class=\"heroCarousel-image\" {{#if @first}}src{{else}}data-lazy{{/if}}=\"{{image}}&imbypass=on\" alt=\"{{alt_text}}\" title=\"{{alt_text}}\"\n                {{#if image_width}}width=\"{{image_width}}\"{{/if}} {{#if image_height}}height=\"{{image_height}}\"{{/if}} />\n            </div>\n            {{#if heading}}\n                {{> components/carousel-content show_background=true}}\n            {{else}}\n                {{#if text}}\n                    {{> components/carousel-content show_background=true}}\n                {{else}}\n                    {{#if button_text}}\n                        {{> components/carousel-content show_background=false}}\n                    {{/if}}\n                {{/if}}\n            {{/if}}\n        </div>\n    </a>\n    {{/each}}\n</section>\n","components/common/alert-info":"<div class=\"alertBox alertBox--info\">\n    <div class=\"alertBox-column alertBox-icon\">\n        <icon glyph=\"ic-success\" class=\"icon\" aria-hidden=\"true\"><svg xmlns=\"http://www.w3.org/2000/svg\" width=\"24\" height=\"24\" viewBox=\"0 0 24 24\"><path d=\"M12 2C6.48 2 2 6.48 2 12s4.48 10 10 10 10-4.48 10-10S17.52 2 12 2zm1 15h-2v-2h2v2zm0-4h-2V7h2v6z\"></path></svg></icon>\n    </div>\n    <p class=\"alertBox-column alertBox-message\">\n        <span>{{{this}}}</span>\n    </p>\n</div>\n","components/psdc-common/home-promotional-banner":"{{#if theme_settings.home-promotional-banner}}\n  <div class=\"home-promotional-banner m-b-60 {{#if carousel}}carousel-open{{/if}}\">\n  <div class=\"banner-main-block\">\n      {{#if theme_settings.bannerimagefirst}}\n        <div class=\"banner-block banner-block-half banner-hover p-l-15 p-r-15\">\n          <a href=\"{{theme_settings.bannerlinkfirst}}\">\n            <img src=\"/product_images/uploaded_images/{{theme_settings.bannerimagefirst}}\" alt=\"\">\n          </a>\n        </div>\n      {{/if}}\n      {{#or theme_settings.bannerimagesecond theme_settings.bannerimagethird theme_settings.bannerimagefour}}\n        <div class=\"banner-block banner-block-half p-l-15 p-r-15\">\n          {{#if theme_settings.bannerimagesecond}}\n          <div class=\"banner-block banner-block-full banner-hover banner-block-2\">\n            <a href=\"{{theme_settings.bannerlinksecond}}\">\n              <img src=\"/product_images/uploaded_images/{{theme_settings.bannerimagesecond}}\" alt=\"\">\n            </a>\n          </div>\n          {{/if}}\n          {{#or theme_settings.bannerimagethird theme_settings.bannerimagefour}}\n          <div class=\"banner-block banner-block-full display-flex align-item-start justify-content-sb banner-block-3\">\n            {{#if theme_settings.bannerimagethird}}\n            <div class=\"banner-block banner-block-half banner-hover p-r-15\">\n              <a href=\"{{theme_settings.bannerlinkthird}}\">\n                <img src=\"/product_images/uploaded_images/{{theme_settings.bannerimagethird}}\" alt=\"\">\n              </a>\n            </div>\n            {{/if}}\n            {{#if theme_settings.bannerimagefour}}\n            <div class=\"banner-block banner-block-half banner-hover p-l-15\">\n              <a href=\"{{theme_settings.bannerlinkfour}}\">\n                <img src=\"/product_images/uploaded_images/{{theme_settings.bannerimagefour}}\" alt=\"\">\n              </a>\n            </div>\n            {{/if}}\n          </div>\n          {{/or}}\n        </div>\n        {{/or}}\n  </div>\n</div>\n{{/if}}\n","components/products/featured":"<div class=\"section-title\">\n  <h2 class=\"page-heading\">{{lang 'products.featured' }}</h2>\n  {{#if theme_settings.FeaturedSubTitle}}\n    <p class=\"page-sub-heading\">{{theme_settings.FeaturedSubTitle}}</p>\n  {{/if}}\n</div>\n\n\n{{#if settings.data_tag_enabled}}\n    {{> components/products/carousel products=products list=\"Featured Products\"}}\n{{else}}\n    {{> components/products/carousel products=products}}\n{{/if}}\n","components/products/top":"\n<div class=\"section-title\">\n  <h2 class=\"page-heading\">{{lang 'products.top' }}</h2>\n  {{#if theme_settings.TopSubTitle}}\n    <p class=\"page-sub-heading\">{{theme_settings.TopSubTitle}}</p>\n  {{/if}}\n</div>\n{{#if settings.data_tag_enabled}}\n    {{> components/products/carousel products=products list=\"Most Popular Products\"}}\n{{else}}\n    {{> components/products/carousel products=products}}\n{{/if}}\n","components/products/new":"\n<div class=\"section-title\">\n  <h2 class=\"page-heading\"><strong>{{lang 'products.new' }}</strong></h2>\n  <!-- {{#if theme_settings.NewSubTitle}}\n    <p class=\"page-sub-heading\">{{theme_settings.NewSubTitle}}</p>\n  {{/if}} -->\n</div>\n{{#if settings.data_tag_enabled}}\n    {{> components/products/carousel products=products list=\"New Products\"}}\n{{else}}\n    {{> components/products/carousel products=products}}\n{{/if}}\n<div class=\"section-bottom\">\n  <a href=\"/categories\"><div class=\"btn-view-our-shop\"><span>VIEW OUR SHOP</span></div></a>\n</div>\n","components/psdc-common/instagram":"{{#if theme_settings.instagramKey}}\n  <article class=\"instagrame m-b-50 clearfix\" data-section-type=\"storeInfo\">\n      {{#if theme_settings.instagramtitle}}\n        <div class=\"section-title\">\n          <h2 class=\"page-heading\"><svg><use xlink:href=\"#icon-instagram\"></use></svg><span>#{{theme_settings.instagramtitle}}</span></h2>\n        </div>\n      {{/if}}\n      <div class=\"home-instagram align-center m-t-20\">\n          <div class=\"insta-block clearfix\">\n            {{#if theme_settings.instagramKey}}\n              <div id=\"instafeed\" class=\"\"\n              data-id=\"{{#withFirst (split theme_settings.instagramKey '.')}}{{this}}{{/withFirst}}\"\n              data-key=\"{{theme_settings.instagramKey}}\"\n              data-loading=\"{{cdn 'img/loading.svg'}}\">\n              </div>\n            {{/if}}\n        </div>\n      </div>\n  </article>\n{{/if}}\n","components/psdc-common/home-blog-section":"\n<div class=\"home-blog-post m-b-50\">\n    <div class=\"section-title\">\n        <h2 class=\"page-heading\">{{lang 'common.latestblog' }}</h2>\n        {{#if theme_settings.BlogSubTitle}}\n          <p class=\"page-sub-heading\">{{theme_settings.BlogSubTitle}}</p>\n        {{/if}}\n    </div>\n    <div class=\"home-blog-list-wrap m-t-30 clearfix\">\n        <div class=\"home-blog-list\">\n            {{#each blog.recent_posts}}\n            {{#if @index '<' 3}}\n              {{> components/blog/home-page-post blog=blog.recent_posts columns=3 settings=../settings}}\n              {{/if}}\n            {{/each}}\n        </div>\n    </div>\n  </div>\n","components/common/subscription-form":"<p>{{lang 'newsletter.subscribe_intro'}}</p>\n\n<form class=\"form\" action=\"{{urls.subscribe.action}}\" method=\"post\" data-error-message=\"{{lang 'newsletter.newsletter_error'}}\">\n    <fieldset class=\"form-fieldset\">\n        <input type=\"hidden\" name=\"action\" value=\"subscribe\">\n        <input type=\"hidden\" name=\"nl_first_name\" value=\"bc\">\n        <input type=\"hidden\" name=\"check\" value=\"1\">\n        <div class=\"form-field1 form-field-custom\">\n            <label class=\"form-label is-srOnly\" for=\"nl_email\">{{lang 'common.email_address'}}</label>\n            <div class=\"form-prefixPostfix wrap subscribeFormContent\">\n                <input class=\"form-input\" id=\"nl_email\" name=\"nl_email\" type=\"email\" value=\"{{customer.email}}\" placeholder=\"\">\n                <input class=\"button button--primary form-prefixPostfix-button--postfix\" type=\"submit\" value=\"{{lang 'newsletter.subscribe_submit'}}\">\n            </div>\n            {{#if settings.show_newsletter_summary }}\n                <div class=\"footer-newsletter-summary\">{{settings.newsletter_summary}}</div>\n            {{/if}}\n        </div>\n    </fieldset>\n</form>\n","layout/base":"<!DOCTYPE html>\n<html class=\"no-js\" lang=\"{{ locale_name }}\">\n    <head>\n        <title>{{ head.title }}</title>\n        {{{ resourceHints }}}\n        {{{ head.meta_tags }}}\n        {{{ head.config }}}\n        {{#block \"head\"}} {{/block}}\n\n        <link href=\"{{ head.favicon }}\" rel=\"shortcut icon\">\n        <meta name=\"viewport\" content=\"width=device-width, initial-scale=1, maximum-scale=1\">\n\n        <script>\n            {{!-- Change document class from no-js to js so we can detect this in css --}}\n            document.documentElement.className = document.documentElement.className.replace('no-js', 'js');\n        </script>\n\n        {{!-- Load Lazysizes script ASAP so images will appear --}}\n        <script>\n            {{!-- Only load visible elements until the onload event fires, after which preload nearby elements. --}}\n            window.lazySizesConfig = window.lazySizesConfig || {};\n            window.lazySizesConfig.loadMode = 1;\n        </script>\n        <script async src=\"{{cdn 'assets/dist/theme-bundle.head_async.js'}}\"></script>\n\n        {{ getFontsCollection }}\n        {{{stylesheet '/assets/css/theme.css'}}}\n\n        {{{head.scripts}}}\n\n        {{~inject 'themeSettings' theme_settings}}\n        {{~inject 'genericError' (lang 'common.generic_error')}}\n        {{~inject 'maintenanceMode' settings.maintenance}}\n        {{~inject 'urls' urls}}\n        {{~inject 'secureBaseUrl' settings.secure_base_url}}\n        {{~inject 'cartId' cart_id}}\n        {{~inject 'template' template}}\n\n        {{inject 'compareRequireMessage' (lang 'compare.no_remove')}}\n        {{inject 'NoItemToCompare' (lang 'compare.no_item_compare')}}\n        {{inject 'CompareSuccessMessage' (lang 'compare.item_successfully_added')}}\n        {{inject 'CompareAlreadyAdded' (lang 'compare.item_already_added')}}\n        {{inject 'CompareLimitMessage' (lang 'compare.more_than_4item')}}\n        {{inject 'CompareNotFunction' (lang 'compare.not_functioning')}}\n        {{inject 'CompareRemoveMessage' (lang 'compare.item_successfully_removed')}}\n\n    </head>\n    <body class=\"type-{{page_type}}\">\n        <svg data-src=\"{{cdn 'img/icon-sprite.svg'}}\" class=\"icons-svg-sprite\"></svg>\n\n        {{~#and settings.privacy_cookie settings.is_eu_ip_address}}\n            {{> components/common/cookie}}\n        {{/and}}\n\n        {{> components/psdc-common/header }}\n        {{> components/common/body }}\n        {{> components/psdc-common/footer }}\n\n        <script>window.__webpack_public_path__ = \"{{cdn 'assets/dist/'}}\";</script>\n        <script src=\"https://apps.elfsight.com/p/platform.js\" defer></script>\n        <script src=\"{{cdn 'assets/dist/theme-bundle.main.js'}}\"></script>\n        <script>\n            {{!-- Exported in app.js --}}\n            window.stencilBootstrap(\"{{page_type}}\", {{jsContext}}).load();\n        </script>\n\n        {{{footer.scripts}}}\n    </body>\n</html>\n","components/carousel-content":"<div data-animation-in=\"fadeIn\" class=\"animated fadeIn heroCarousel-content{{#unless show_background}} heroCarousel-content--empty{{/unless}}\">\n    <h1 data-animation-in=\"slideInUp\" class=\"animated slideInUp heroCarousel-title\">{{{heading}}}</h1>\n    <p data-animation-in=\"slideInUp\" class=\"animated slideInUp  heroCarousel-description\">{{{text}}}</p>\n    {{#if button_text}}\n        <span data-animation-in=\"slideInUp\" class=\"animated slideInUp heroCarousel-action button button--primary button--large\">\n          <span class=\"heroCarousel-action-inn\">\n            {{button_text}}<svg ><use xlink:href=\"#icon-arrow-slider\"></use></svg>\n          </span>\n        </span>\n    {{/if}}\n</div>\n","components/products/carousel":"<section class=\"productCarousel slick-not-apply-{{products.length}}\" {{#gt products.length 1}}\n    data-list-name=\"{{list}}\"\n    data-slick='{\n        \"dots\": false,\n        \"infinite\": false,\n        \"mobileFirst\": true,\n        \"slidesToShow\": {{ columns }},\n        \"slidesToScroll\": 3,\n        \"responsive\": [\n                {\n                    \"breakpoint\": 1440,\n                    \"settings\": {\n                        \"slidesToScroll\": 1,\n                        \"slidesToShow\": 4\n                    }\n                },\n                {\n                    \"breakpoint\": 1279,\n                    \"settings\": {\n                      \"slidesToScroll\": 1,\n                      \"slidesToShow\": 4\n                    }\n                },\n                {\n                    \"breakpoint\": 1023,\n                    \"settings\": {\n                      \"slidesToScroll\": 1,\n                      \"slidesToShow\": 3\n                    }\n                },\n                {\n                    \"breakpoint\": 769,\n                    \"settings\": {\n                      \"slidesToScroll\": 2,\n                      \"slidesToShow\": 3,\n                      \"dots\": false,\n                      \"arrows\": false\n                    }\n                },\n                {\n                    \"breakpoint\": 666,\n                    \"settings\": {\n                      \"slidesToScroll\": 2,\n                      \"slidesToShow\": 2.5,\n                      \"draggable\": true,\n                      \"dots\": false,\n                      \"arrows\": false,\n                      \"autoplay\": true,\n                      \"autoplaySpeed\": 4000\n                    }\n                },\n                {\n                    \"breakpoint\": 567,\n                    \"settings\": {\n                      \"slidesToScroll\": 2,\n                      \"slidesToShow\": 2.5,\n                      \"dots\": false,\n                      \"arrows\": false\n                    }\n                },\n                {\n                    \"breakpoint\": 479,\n                    \"settings\": {\n                      \"slidesToScroll\": 1,\n                      \"slidesToShow\": 1.5,\n                      \"draggable\": true,\n                      \"dots\": false,\n                      \"arrows\": false\n                    }\n                },\n                {\n                    \"breakpoint\": 319,\n                    \"settings\": {\n                      \"slidesToScroll\": 1,\n                      \"slidesToShow\": 1.5,\n                      \"draggable\": true,\n                      \"dots\": false,\n                      \"arrows\": false\n                    }\n                }\n            ]\n    }'\n{{/gt}}>\n    {{#each products}}\n    <div class=\"productCarousel-slide\">\n        {{> components/products/card settings=../settings theme_settings=../theme_settings customer=../customer event=\"list\" position=(add @index 1) show_rating=../settings.show_product_rating}}\n    </div>\n    {{/each}}\n</section>\n","components/blog/home-page-post":"<div class=\"home-blog-item p-l-15 p-r-15 width-33\">\n  <div class=\"home-blog-item-inner\">\n    {{#if thumbnail}}\n      <div class=\"home-blog-img banner-hover\">\n          {{#if thumbnail}}\n            <a href=\"{{url}}\">\n              <span>\n                <img class=\"lazyload\" data-sizes=\"auto\" src=\"{{cdn 'img/loading.svg'}}\" data-src=\"{{getImage thumbnail 'gallery'}}&imbypass=on\" alt=\"{{thumbnail.alt}}\">\n              </span>\n            </a>\n            {{else}}\n            <a href=\"{{url}}\">\n              <img src=\"{{cdn ../../theme_settings.default_image_blog}}\" alt=\"No Image\" title=\"No Image\">\n            </a>\n          {{/if}}\n      </div>\n      {{/if}}\n      <div class=\"home-blog-detail\">\n        <div class=\"home-blog-detail-inner\">\n          <h4>\n            <a href=\"{{url}}\" class=\"home-blog-title\">{{title}}</a>\n          </h4>\n          <p>\n              {{#if body}}\n                  {{{body}}}\n              {{else}}\n                  {{summary}}\n              {{/if}}\n          </p>\n          <div class=\"blog-date display-flex justify-content-start align-item-center\">\n            {{#if author}}\n              <div class=\"author\">\n                  <svg><use xlink:href=\"#icon-author\"></use></svg>\n                  <span>{{lang 'blog.posted_by' name=author}}</span>\n              </div>\n            {{/if}}\n            <div class=\"date\">\n              <svg><use xlink:href=\"#icon-calender\"></use></svg>\n              <span>{{date_published}}</span>\n            </div>\n          </div>\n        </div>\n      </div>\n  </div>\n    </div>\n","components/common/cookie":"<div class=\"cookieMessage\">\n    <div class=\"cookieMessage-container\">\n        <div class=\"cookieMessage-text\">\n            <p>{{settings.privacy_cookie}}</p>\n        </div>\n        <button class=\"button button--primary button--small\" data-privacy-accept>{{lang 'cookies.accept'}}</button>\n    </div>\n</div>\n","components/psdc-common/header":"<header class=\"header\" sticky=\"{{theme_settings.sticky-header}}\" role=\"banner\">\n  <div class=\"header-main\">\n  <div class=\"container\">\n    <div class=\"header-inner\">\n      <div class=\"header-left\">\n        <div class=\"desktop_mobile_menu\">\n          <a class=\"control-otherlinks\" href=\"javascript:void(0);\" onclick=\"\">\n            <span class=\"otherlinks-line-1\"></span>\n            <span class=\"otherlinks-line-2\"></span>\n            <span class=\"otherlinks-line-3\"></span>\n            <span class=\"otherlinks-line-4\"></span>\n          </a>\n        </div>\n        <div class=\"logo-block\">\n          {{#if page_type '===' 'default'}}\n              <h1 class=\"header-logo header-logo--{{theme_settings.logo-position}}\">\n                  {{> components/psdc-common/store-logo}}\n              </h1>\n          {{else}}\n              <div class=\"header-logo header-logo--{{theme_settings.logo-position}}\">\n                  {{> components/psdc-common/store-logo}}\n              </div>\n          {{/if}}\n        </div>\n      </div>\n\n      <div class=\"header-center\">\n        <div class=\"navigation-menu\" data-menu>\n            {{> components/psdc-common/navigation-menu}}\n        </div>\n      </div>\n\n      <div class=\"header-right\">\n          {{> components/psdc-common/navigation}}\n      </div>\n    </div>\n  </div>\n  {{#if currency_selector.currencies.length '>' 1}}\n    <div class=\"header-currancy\">\n        <div class=\"navUser-item currency-item\">\n          <div class=\"currency\">\n            {{> components/psdc-common/currency-selector}}\n          </div>\n        </div>\n    </div>\n  {{/if}}\n</div>\n  <div class=\"mobile-search\">\n    <div class=\"container\">\n      {{> components/psdc-common/quick-search}}\n    </div>\n  </div>\n</header>\n{{{region name=\"header_bottom\"}}}\n","components/common/body":"<div class=\"body\" data-currency-code=\"{{currency_selector.active_currency_code}}\">\n    {{#block \"hero\"}} {{/block}}\n    <div>\n        {{#block \"page\"}} {{/block}}\n    </div>\n    {{> components/common/modal}}\n    {{> components/common/alert-modal}}\n</div>\n","components/psdc-common/footer":"<footer class=\"footer\" role=\"contentinfo\">\n  {{> components/psdc-common/usp-section}}\n  <div class=\"footer-info-inn\">\n    <div class=\"container\">\n      <section class=\"footer-info footer-wrap\">\n        <article class=\"footer-info-col footer-info-col--small footer-store-logo\" data-section-type=\"footer-logo\">\n          <div class=\"logo-block\">\n            <div class=\"footer-logo-img\">\n              <a href=\"{{urls.home}}\">\n                <img class=\"footer-logo-image\" src=\"https://birdandbeanshop.mybigcommerce.com/product_images/uploaded_images/footer-logo.png\" alt=\"{{settings.store_logo.title}}\" title=\"{{settings.store_logo.title}}\">\n              </a>\n            </div>\n            <span class=\"footer-owner-email\">hello@birdandbeanshop.com</span>\n          </div>\n        </article>\n        <article class=\"footer-info-col footer-info-col--small footer-hours\" data-section-type=\"footer-hours\">\n          <div class=\"footer-info--col-inn\">\n            <h5 class=\"footer-info-heading footer-toggle-title\">\n              <strong>{{lang 'footer.hours'}}</strong>\n              <svg class=\"down\"><use xlink:href=\"#icon-keyboard-arrow-down\"></use></svg>\n            </h5>\n            <div class=\"footer-toggle-content\">\n              <h6>Monday-Wednesday: <br /> 10am-7pm <br /> Thursday-Saturday: <br /> 9am-8pm <br /> Sunday: 10am-6pm</h6>\n            </div>\n          </div>\n        </article>\n        {{#if theme_settings.social_icon_placement_bottom '!==' 'bottom_none'}}\n          <article class=\"footer-info-col footer-info-col--small\"\n              data-section-type=\"footer-webPages\">\n                  <h5 class=\"footer-info-heading\">\n                    <!-- {{lang 'social.connect'}} -->\n                  </h5>\n                  {{> components/common/social-links}}\n          </article>\n        {{/if}}\n      </section>\n    </div>\n  </div>\n</footer>\n","components/products/card":"<article class=\"card {{#if alternate}}card--alternate{{/if}}\" {{#if settings.data_tag_enabled}} data-event-type=\"{{event}}\" data-entity-id=\"{{id}}\" data-position=\"{{position}}\" data-name=\"{{name}}\" data-product-category=\"{{#each category}}{{#if @last}}{{this}}{{else}}{{this}}, {{/if}}{{/each}}\" data-product-brand=\"{{brand.name}}\" data-product-price=\"{{#if price.with_tax}}{{price.with_tax.value}}{{else}}{{price.without_tax.value}}{{/if}}\"  {{/if}}>\n  <div class=\"card-inner\">\n    <figure class=\"card-figure\">\n        {{#or price.non_sale_price_with_tax price.non_sale_price_without_tax}}\n            {{#if theme_settings.product_sale_badges '===' 'sash'}}\n                <div class=\"sale-flag-sash\">\n                    <span class=\"sale-text\">Sale</span>\n                </div>\n            {{else if theme_settings.product_sale_badges '===' 'topleft'}}\n                <div class=\"sale-flag-side\">\n                    <span class=\"sale-text\">Sale</span>\n                </div>\n            {{else if theme_settings.product_sale_badges '===' 'burst'}}\n                <div class=\"starwrap\">\n                    <div class=\"sale-text-burst\">Sale</div>\n                    <div class=\"sale-flag-star\"></div>\n                </div>\n            {{/if}}\n        {{/or}}\n        <a href=\"{{url}}\" {{#if settings.data_tag_enabled}} data-event-type=\"product-click\" {{/if}}>\n            <div class=\"card-img-container {{#if image}}show-image{{else}}no-img{{/if}}\">\n                {{> components/common/responsive-img\n                    image=image\n                    class=\"card-image\"\n                    fallback_size=theme_settings.productgallery_size\n                    lazyload=theme_settings.lazyload_mode\n                    default_image=theme_settings.default_image_product\n                }}                \n            </div>\n        </a>\n\n            <div class=\"card-figcaption-body-custom\">\n                {{#unless hide_product_quick_view}}\n                    {{#if theme_settings.show_product_quick_view}}\n                        {{#if settings.data_tag_enabled}}\n                            <a class=\"button button--small card-figcaption-button quickview\" data-event-type=\"product-click\" data-product-id=\"{{id}}\">\n                                <svg><use xlink:href=\"#icon-quickview\"></use></svg>\n                                <!-- {{lang 'products.quick_view'}} -->\n                            </a>\n                        {{else}}\n                            <a class=\"button button--small card-figcaption-button quickview\" data-product-id=\"{{id}}\">\n                                <!-- {{lang 'products.quick_view'}} -->\n                                <svg><use xlink:href=\"#icon-quickview\"></use></svg>\n                            </a>\n                        {{/if}}\n                    {{/if}}\n                {{/unless}}\n                {{#if settings.show_wishlist}}\n                    <a href=\"{{add_to_wishlist_url}}\" class=\"button button--small card-figcaption-button wishlist\"><svg><use xlink:href=\"#icon-wishlist\"></use></svg></a>\n                {{/if}}\n                {{#if theme_settings.EnableProductCompare}}\n                <div>\n                  <a data-tooltip class=\"button button--small card-figcaption-button compare-box card-button compare\" for=\"compare-{{id}}\" data-compare-id=\"{{id}}\"><svg><use xlink:href=\"#icon-compare\"></use></svg></a>\n                </div>\n                {{/if}}\n            </div>\n    </figure>\n    <div class=\"card-body\">\n      <div class=\"card-body-inn\">\n        {{#if brand.name}}\n            <p class=\"card-text brand-name\" data-test-info-type=\"brandName\">{{brand.name}}</p>\n        {{/if}}\n        <div class=\"card-mid-block\">\n          <div class=\"card-button-block\">\n            {{#or customer (if theme_settings.restrict_to_login '!==' true)}}\n                {{#if show_cart_action}}\n                    {{#if has_options}}\n                        <a href=\"{{url}}\" data-event-type=\"product-click\" class=\"button button--small card-figcaption-button\" data-product-id=\"{{id}}\"><svg><use xlink:href=\"#icon-choose-options\"></use></svg><span>{{lang 'products.choose_options'}}</span></a>\n                    {{/if}}\n                    {{#if pre_order}}\n                        <a href=\"{{pre_order_add_to_cart_url}}\" data-event-type=\"product-click\" class=\"button button--small card-figcaption-button\"><svg><use xlink:href=\"#icon-pre-order\"></use></svg><span>{{lang 'products.pre_order'}}</span></a>\n                    {{/if}}\n                    {{#if add_to_cart_url }}\n                        <a href=\"{{add_to_cart_url}}\" data-event-type=\"product-click\" class=\"button button--small card-figcaption-button\"><svg><use xlink:href=\"#icon-add-to-cart\"></use></svg><span>{{lang 'products.add_to_cart'}}</span></a>\n                    {{/if}}\n                    {{#if out_of_stock_message}}\n                        <a href=\"{{url}}\" data-event-type=\"product-click\" class=\"button button--small card-figcaption-button\" data-product-id=\"{{id}}\"><svg><use xlink:href=\"#icon-out-of-stock\"></use></svg><span>{{out_of_stock_message}}</span></a>\n                    {{/if}}\n                {{/if}}\n            {{/or}}\n          </div>\n          <h4 class=\"card-title\">\n            <a href=\"{{url}}\" {{#if settings.data_tag_enabled}} data-event-type=\"product-click\" {{/if}}>{{name}}</a>\n          </h4>\n        </div>\n\n        <div class=\"card-text price-block\" data-test-info-type=\"price\">\n            {{#or customer (if theme_settings.restrict_to_login '!==' true)}}\n                {{> components/psdc-common/price price=price}}\n            {{else}}\n                {{> components/common/login-for-pricing}}\n            {{/or}}\n        </div>\n        {{#if show_rating}}\n            <p class=\"card-text rating-block\" data-test-info-type=\"productRating\">\n                <span class=\"rating--small\">\n                    {{> components/products/ratings rating=rating}}\n                </span>\n            </p>\n        {{/if}}\n        <p class=\"card-summary\">\n            {{#if summary}}{{{ellipsis summary 100}}}{{/if}}\n        </p>\n        {{> components/products/bulk-discount-rates}}\n      </div>\n    </div>\n  </div>\n</article>\n","components/psdc-common/store-logo":"<a href=\"{{urls.home}}\">\n    {{#if settings.store_logo.image}}\n        {{#if theme_settings.logo_size '===' 'original'}}\n            <img class=\"header-logo-image-unknown-size\" src=\"{{getImage settings.store_logo.image 'logo_size'}}\" alt=\"{{settings.store_logo.title}}\" title=\"{{settings.store_logo.title}}\">\n        {{else}}\n            <div class=\"header-logo-image-container-custom\">\n                <img class=\"header-logo-image-custom\" src=\"{{getImage settings.store_logo.image 'logo_size'}}\" alt=\"{{settings.store_logo.title}}\" title=\"{{settings.store_logo.title}}\">\n            </div>\n        {{/if}}\n    {{else}}\n        <span class=\"header-logo-text\">{{settings.store_logo.title}}</span>\n    {{/if}}\n</a>\n","components/psdc-common/navigation-menu":"<nav class=\"navPages\">\n  <ul class=\"navPages-list{{#if theme_settings.navigation_design '!==' 'simple'}} navPages-list-depth-max{{/if}} sf-menu\" data-speed=\"0.8\">\n\n    {{#if theme_settings.headernavigation '==' \"navcategory\"}}\n        <li class=\"{{#if @last}}last-menu-item{{/if}}\">\n            {{#each categories}}\n                  <li class=\"navPages-item\">\n                    {{> components/psdc-common/navigation-list}}\n                  </li>\n            {{/each}}\n        </li>\n    {{/if}}\n\n\n    {{#if theme_settings.headernavigation '==' \"navwebpage\"}}\n      {{#each pages}}\n           <li class=\"navPages-item navPages-item-page {{#if @last}}last-menu-item{{/if}}\">\n             {{> components/psdc-common/navigation-list}}\n           </li>\n       {{/each}}\n    {{/if}}\n\n{{#if theme_settings.headernavigation '==' \"navboth\"}}\n      <!-- <li class=\"navPages-item\"> -->\n        <!-- <a class=\"navPages-action needsclick\" href=\"/categories\">{{theme_settings.category-menu-name}} <svg><use xlink:href=\"#icon-chevron-down\"></use></svg></a> -->\n        <!-- <ul> -->\n          {{#each categories}}\n            <li class=\"navPages-item {{#and @last (if (length pages) '==' '0')}}last-menu-item{{/and}} nav-arrow-roted\">\n              {{> components/psdc-common/navigation-list}}\n            </li>\n          {{/each}}\n        <!-- </ul> -->\n      <!-- </li> -->\n      {{#each pages}}\n           <li class=\"navPages-item navPages-item-page {{#if @last}}last-menu-item{{/if}}\">\n             {{> components/psdc-common/navigation-list}}\n           </li>\n       {{/each}}\n  {{/if}}\n  </ul>\n</nav>\n","components/psdc-common/navigation":"<nav class=\"navUser\">\n    <ul class=\"navUser-section navUser-section--alt account-section sf-menu\">\n      {{> components/psdc-common/header-account-menu}}\n\n    {{#if theme_settings.EnableProductCompare}}\n      <li class=\"navUser-item navUser-item-compare\">\n          <a class=\"navUser-action navUser-item--compare needsclick\" title=\"Compare\" href=\"{{urls.compare}}\" data-compare-nav>\n            <svg><use xlink:href=\"#icon-compare\"></use></svg>\n            <span class=\"countPill countPill--positive\"></span>\n          </a>\n      </li>\n    {{/if}}\n\n      <li class=\"navUser-item navUser-search\">\n          <a class=\"navUser-action navUser-action--quickSearch\" href=\"javascript:void(0);\" data-search=\"quickSearch\" aria-controls=\"quickSearch\" aria-expanded=\"false\"><svg class=\"search-icon\"><use xlink:href=\"#icon-search\"></use></svg> <svg class=\"search-close\"><use xlink:href=\"#icon-close\"></use></svg></a>\n      </li>\n\n\n      <li class=\"navUser-item navUser-item--cart\">\n          <a  class=\"navUser-action\"\n              data-cart-preview\n              data-dropdown=\"cart-preview-dropdown\"\n              data-options=\"align:right\"\n              href=\"{{urls.cart}}\">\n              <span class=\"navUser-item-cartLabel\">\n                <svg><use xlink:href=\"#icon-cart\"></use></svg>\n              </span> <span class=\"countPill cart-quantity\"></span>\n          </a>\n          <div class=\"dropdown-menu\" id=\"cart-preview-dropdown\" data-dropdown-content aria-hidden=\"true\"></div>\n      </li>\n    </ul>\n\n</nav>\n\n<div class=\"dropdown dropdown--quickSearch\" id=\"quickSearch\" aria-hidden=\"true\" tabindex=\"-1\" data-prevent-quick-search-close>\n    {{> components/psdc-common/quick-search headerSearch='headerSearch'}}\n</div>\n\n<div id=\"headerSidebar\" class=\"header-side-bar\">\n<div class=\"header-side-bar-inn\">\n  <div class=\"close\">\n    <a class=\"close-icon\" href=\"javascript:void(0);\"><svg><use xlink:href=\"#icon-close\"></use></svg></a>\n  </div>\n  <div class=\"category headerSidebar-block\">\n    <h5 class=\"sidebarBlock-heading\">{{lang 'footer.categories'}}</h5>\n    <ul class=\"navList navList-treeview\">\n        {{#each categories}}\n            <li class=\"navPages-item\">\n              {{> components/psdc-common/navigation-list}}\n            </li>\n      {{/each}}\n    </ul>\n  </div>\n  <div class=\"webpages headerSidebar-block\">\n    <h5 class=\"sidebarBlock-heading\">{{lang 'footer.navigate'}}</h5>\n    <ul class=\"navList navList-treeview\">\n      {{#each pages}}\n           <li class=\"navPages-item navPages-item-page\">\n             {{> components/psdc-common/navigation-list}}\n           </li>\n       {{/each}}\n    </ul>\n  </div>\n  <div class=\"brand headerSidebar-block\">\n    <h5 class=\"sidebarBlock-heading\">{{lang 'footer.brands'}}</h5>\n    <ul class=\"navList navList-treeview\">\n      {{#each shop_by_brand}}\n          {{#if @index '<' '5' }}\n            <li class=\"navPages-item\">\n                <a class=\"navPages-action\" href=\"{{url}}\">\n                  <span class=\"nav-arrow\"><svg class=\"\"><use xlink:href=\"#icon-m-right\"></use></svg></span>\n                  {{name}}\n                </a>\n            </li>\n          {{/if}}\n      {{/each}}\n    </ul>\n  </div>\n  <div class=\"brand headerSidebar-block mobile-currancy\">\n    <h5 class=\"sidebarBlock-heading\">{{lang 'common.currency' code=currency_selector.active_currency_code}} <span class=\"flag\">{{{lang 'common.currency-flag' flag=currency_selector.active_currency_flag}}}</span><span class=\"code\">{{lang 'common.currency-code' code=currency_selector.active_currency_code}}</span></h5>\n\n  </div>\n</div>\n\n</div>\n","components/psdc-common/currency-selector":"{{#if currency_selector.currencies.length '>' 1}}\n  <ul class=\"navUser-section sf-menu\">\n      <li class=\"navUser-item currency-heading\">\n        <span>{{lang 'common.currency' code=currency_selector.active_currency_code}}</span>\n      </li>\n      <li class=\"navUser-item navUser-item-currencySelector\">\n          <a class=\"navUser-action navUser-action--currencySelector\" href=\"#\" aria-controls=\"currencySelection\" aria-expanded=\"false\">\n            <span class=\"flag\">{{{lang 'common.currency-flag' flag=currency_selector.active_currency_flag}}}</span><span class=\"code\">{{lang 'common.currency-code' code=currency_selector.active_currency_code}}</span>\n            <i class=\"icon\" aria-hidden=\"true\"><svg><use xlink:href=\"#icon-chevron-down\" /></svg></i>\n          </a>\n          <ul class=\"dropdown-menu\" id=\"currencySelection\" data-dropdown-content aria-hidden=\"true\" tabindex=\"-1\">\n            {{#each currency_selector.currencies}}\n            {{#if is_active \"!=\" true}}\n              <li>\n                  <a href=\"{{{switch_url}}}\">\n                    <span class=\"flag\">{{{flag}}}</span><span class=\"code\">{{name}}</span>\n                  </a>\n              </li>\n            {{/if}}\n          {{/each}}\n          </ul>\n      </li>\n  </ul>\n{{/if}}\n","components/psdc-common/quick-search":"<form class=\"form\" action=\"{{urls.search}}\"  id=\"{{#if headerSearch}}headerQuickSearchForm{{else}}mobileQuickSearchForm{{/if}}\">\n    <fieldset class=\"form-fieldset\">\n        <div class=\"form-field\">\n            <label class=\"is-srOnly\" for=\"search_query\">{{lang \"search.quick_search.input_label\"}}</label>\n            <input class=\"form-input\" data-search-quick name=\"search_query\" id=\"search_query\" data-error-message=\"{{lang 'search.error.empty_field'}}\" placeholder=\"{{lang 'search.quick_search.input_placeholder'}}\" autocomplete=\"off\">\n            <span class=\"search-icon-main\" onclick=\"{{#if headerSearch}}document.getElementById('headerQuickSearchForm').submit();{{else}}document.getElementById('mobileQuickSearchForm').submit();{{/if}}\"><svg class=\"search-icon\"><use xlink:href=\"#icon-search\"></use></svg></span>\n        </div>\n    </fieldset>\n</form>\n<section class=\"quickSearchResults\" data-bind=\"html: results\"></section>\n","components/common/modal":"<div id=\"modal\" class=\"modal\" data-reveal data-prevent-quick-search-close>\n    <a href=\"#\" class=\"modal-close\" aria-label=\"{{lang 'common.close'}}\" role=\"button\">\n        <span aria-hidden=\"true\">&#215;</span>\n    </a>\n    <div class=\"modal-content\"></div>\n    <div class=\"loadingOverlay\"></div>\n</div>\n","components/common/alert-modal":"<div id=\"alert-modal\" class=\"modal modal--alert modal--small\" data-reveal data-prevent-quick-search-close>\n    <div class=\"swal2-icon swal2-error swal2-animate-error-icon\"><span class=\"swal2-x-mark swal2-animate-x-mark\"><span class=\"swal2-x-mark-line-left\"></span><span class=\"swal2-x-mark-line-right\"></span></span></div>\n\n    <div class=\"modal-content\"></div>\n\n    <div class=\"button-container-custom m-t-20\"><button type=\"button\" class=\"confirm button\" data-reveal-close>OK</button></div>\n</div>\n","components/psdc-common/usp-section":"{{#if theme_settings.show_usp '!=' 0}}\n  <div class=\"usp-section m-b-60 {{#if theme_settings.show_usp '==' 0}}usp-section-none{{/if}}\">\n    <div class=\"container\">\n      <ul>\n        {{#if theme_settings.show_usp '>=' 1}}\n          <li class=\"{{#if theme_settings.show_usp '>=' 1}}first{{/if}}\">\n            <div class=\"usp-block\">\n\n              {{#if theme_settings.selected-icon1 '!=' ''}}\n                {{#if theme_settings.selected-icon1 '==' 'SelectOne'}}\n                  {{#if theme_settings.UspImageFirst '!=' ''}}\n                    <div class=\"usp-img\">\n                      <img src=\"/product_images/uploaded_images/{{theme_settings.UspImageFirst}}\" alt=\"\">\n                    </div>\n                  {{/if}}\n                  {{else}}\n                    <div class=\"usp-img\">\n                        <img src=\"{{cdn 'assets/img/usp-icon/'}}{{theme_settings.selected-icon1}}.png\" alt=\"\">\n                    </div>\n                {{/if}}\n              {{/if}}\n\n              <div class=\"usp-detail\">\n                {{#if theme_settings.UspTitleFirst}}\n                  <h5>{{theme_settings.UspTitleFirst}}</h5>\n                {{/if}}\n                {{#if theme_settings.UspTextFirst}}\n                  <p>{{theme_settings.UspTextFirst}}</p>\n                {{/if}}\n              </div>\n            </div>\n          </li>\n        {{/if}}\n        {{#if theme_settings.show_usp '>=' 2}}\n          <li class=\"{{#if theme_settings.show_usp '>=' 2}}second{{/if}}\">\n            <div class=\"usp-block\">\n\n              {{#if theme_settings.selected-icon2 '!=' ''}}\n                {{#if theme_settings.selected-icon2 '==' 'SelectOne'}}\n                  {{#if theme_settings.UspImageSecond '!=' ''}}\n                    <div class=\"usp-img\">\n                      <img src=\"/product_images/uploaded_images/{{theme_settings.UspImageSecond}}\" alt=\"\">\n                    </div>\n                  {{/if}}\n                  {{else}}\n                    <div class=\"usp-img\">\n                        <img src=\"{{cdn 'assets/img/usp-icon/'}}{{theme_settings.selected-icon2}}.png\" alt=\"\">\n                    </div>\n                {{/if}}\n              {{/if}}\n\n              <div class=\"usp-detail\">\n                {{#if theme_settings.UspTitleSecond}}\n                  <h5>{{theme_settings.UspTitleSecond}}</h5>\n                {{/if}}\n                {{#if theme_settings.UspTextSecond}}\n                  <p>{{theme_settings.UspTextSecond}}</p>\n                {{/if}}\n              </div>\n            </div>\n          </li>\n        {{/if}}\n        {{#if theme_settings.show_usp '>=' 3}}\n        <li class=\"{{#if theme_settings.show_usp '>=' 3}}third{{/if}}\">\n          <div class=\"usp-block\">\n\n            {{#if theme_settings.selected-icon3 '!=' ''}}\n              {{#if theme_settings.selected-icon3 '==' 'SelectOne'}}\n                {{#if theme_settings.UspImageThird '!=' ''}}\n                  <div class=\"usp-img\">\n                    <img src=\"/product_images/uploaded_images/{{theme_settings.UspImageThird}}\" alt=\"\">\n                  </div>\n                {{/if}}\n                {{else}}\n                  <div class=\"usp-img\">\n                      <img src=\"{{cdn 'assets/img/usp-icon/'}}{{theme_settings.selected-icon3}}.png\" alt=\"\">\n                  </div>\n              {{/if}}\n            {{/if}}\n\n            <div class=\"usp-detail\">\n              {{#if theme_settings.UspTitleThird}}\n                <h5>{{theme_settings.UspTitleThird}}</h5>\n              {{/if}}\n              {{#if theme_settings.UspTextThird}}\n                <p>{{theme_settings.UspTextThird}}</p>\n              {{/if}}\n            </div>\n          </div>\n        </li>\n        {{/if}}\n        {{#if theme_settings.show_usp '>=' 4}}\n          <li class=\"{{#if theme_settings.show_usp '>=' 4}}fourth{{/if}}\">\n            <div class=\"usp-block\">\n\n              {{#if theme_settings.selected-icon4 '!=' ''}}\n                {{#if theme_settings.selected-icon4 '==' 'SelectOne'}}\n                  {{#if theme_settings.UspImageFour '!=' ''}}\n                    <div class=\"usp-img\">\n                      <img src=\"/product_images/uploaded_images/{{theme_settings.UspImageFour}}\" alt=\"\">\n                    </div>\n                  {{/if}}\n                  {{else}}\n                    <div class=\"usp-img\">\n                        <img src=\"{{cdn 'assets/img/usp-icon/'}}{{theme_settings.selected-icon4}}.png\" alt=\"\">\n                    </div>\n                {{/if}}\n              {{/if}}\n\n              <div class=\"usp-detail\">\n                {{#if theme_settings.UspTitleFour}}\n                  <h5>{{theme_settings.UspTitleFour}}</h5>\n                {{/if}}\n                {{#if theme_settings.UspTextFour}}\n                  <p>{{theme_settings.UspTextFour}}</p>\n                {{/if}}\n              </div>\n            </div>\n          </li>\n        {{/if}}\n      </ul>\n    </div>\n  </div>\n{{/if}}\n","components/common/social-links":"{{#if social_media}}\n    <ul class=\"socialLinks socialLinks--alt\">\n        {{#each social_media}}\n            <li class=\"socialLinks-item\">\n                <a class=\"icon icon--{{display_name}}\" href=\"{{url}}\" target=\"_blank\">\n                    <svg><use xlink:href=\"#icon-{{display_name}}\" /></svg>\n                </a>\n            </li>\n        {{/each}}\n    </ul>\n{{/if}}\n","components/common/responsive-img":"{{!--\n    This file implements the lazysizes srcset pattern (as seen on\n    https://github.com/aFarkas/lazysizes#modern-transparent-srcset-pattern) for maximum performance on modern browsers\n    and reasonable compatibility with legacy browsers.\n    \n    There are a few important arguments to know about when using this component:\n    `lazyload`:\n        - If set to 'lazyload+lqip', will load a low-res image which will be replaced by lazysizes - ensuring that SOME\n        content is shown immediately on page load. Without LQIP, a transparent gif will be used instead, which reduces\n        the number of requests needed to load the page, making it even faster.\n        - If set to 'lazyload', the browser will not load the full-size image at first, instead the lazysizes plugin will\n            load it progressively after page load. This improves the load speed of the page, but it should be disabled for\n            high-priority above-the-fold images.\n        - If set to 'disabled', will not attempt to lazyload the image and instead tell the browser to load it immediately.\n            Use this for high-priority images that are above the fold.\n    \n    `fallback_size`:\n        This is the size to use for this image in legacy browsers that do not support srcset.\n        Can be defined as a pixel bounding-box size (e.g. \"123x123) or inherent width (e.g. \"123w\").\n    \n    `class`:\n        The CSS classes to add to the image, e.g. \"card-image\". If lazyloading is enabled, all images will have the\n        \"lazyload\" class so that lazysizes will target them automatically.\n    \n    `otherAttributes`:\n        Any other HTML attributes you want on the img tag, for example \"height='100' width='100'\"\n    \n    `default_image`:\n        The default image to use if `image` is undefined or falsy. Should be a theme asset, usually defined as a relative\n        path in the theme config. If a default image is not provided, you'll get an image tag with no image if the primary\n        image is undefined.\n    \n    `lqip_size`:\n        If you want to specify a particular size for the LQIP image, you can do so with this argument. A default of 80\n        pixels wide will be used otherwise. This argument has no effect if the lazyload mode is not \"lazyload+lqip\".\n    \n    --}}\n    <img {{#if image}}{{!-- Get the default image for legacy browsers that do not support srcset\n    --}}src=\"{{getImageSrcset image 1x=(default fallback_size '160w')}}\" alt=\"{{image.alt}}\" title=\"{{image.alt}}\" {{!--\n      Allow lazysizes to generate the 'sizes' attribute automatically --}}data-sizes=\"auto\"\n      {{#unless lazyload '==' 'disabled'}}\n        {{#if lazyload '==' 'lazyload+lqip'}}\n        {{!-- If we want a LQIP, include it as the default srcset (will be overwritten by lazysizes) --}}\n        srcset=\"{{getImageSrcset image 1x=(default lqip_size '80w')}}\"\n        {{else}}\n          {{!-- If we don't want a LQIP, use a 1px transparent gif for the stand-in image\n                This requires no additional network request, so it's fast --}}\n        srcset=\"data:image/gif;base64,R0lGODlhAQABAIAAAP///wAAACH5BAEAAAAALAAAAAABAAEAAAICRAEAOw==\"\n        {{/if}}\n    {{/unless}}\n    {{!-- If lazyloading is disabled, just use \"srcset\". If it is not disabled, use \"data-srcset\" so lazysizes will use\n          this after page load --}}\n    {{!--\n    Generate the srcset string using the default sizes defined in the helper. This will allow the browser to\n    pick the best-sized image based on its own understanding of how it will render the page.\n    --}}\n    {{#unless lazyload '==' 'disabled'}}data-{{/unless}}srcset=\"{{getImageSrcset image use_default_sizes=true }}\"\n    {{else if default_image}}src=\"{{cdn default_image}}\"{{/if}}\n    class=\"{{#unless lazyload '==' 'disabled'}}lazyload{{/unless}}{{#if class}} {{class}}{{/if}}\"\n    {{#if lazyload '==' 'lazyload'}}loading=\"lazy\"{{/if}}\n    {{otherAttributes}} />\n","components/psdc-common/price":"{{!-- There are 2 code paths for generating the PDP pricing HTML determined by the following #and condition.\nIf a 'price_range' exists then we generate all HTML in price-range.html, otherwise it is defined here. Both code\npaths generate the same HTML structure with some differences in whether that element is displayed by default (css styling).\n\nIf you are making a change here or in price-range.html, you probably want to make that change in both files. --}}\n\n{{#and price.price_range (if theme_settings.price_ranges '==' true)}}\n    {{> components/products/price-range price=price schema_org=schema_org}}\n{{else}}\n    {{#if price.with_tax}}\n      <div class=\"price-section price-section--withTax\" {{#if schema_org}}itemprop=\"offers\" itemscope itemtype=\"http://schema.org/Offer\"{{/if}}>\n          <span class=\"price-label\" {{#if price.non_sale_price_with_tax}}style=\"display: none;\"{{/if}}>\n              {{theme_settings.pdp-price-label}}\n          </span>\n          <span class=\"price-now-label price-now-label-withtax\" {{#unless price.non_sale_price_with_tax}}style=\"display: none;\"{{/unless}}>\n              {{theme_settings.pdp-sale-price-label}}\n          </span>\n          <span data-product-price-with-tax class=\"price price--withTax\">{{price.with_tax.formatted}}</span>\n          {{#if schema_org}}\n              <meta itemprop=\"availability\" content=\"{{product.availability}}\">\n              <meta itemprop=\"itemCondition\" itemtype=\"http://schema.org/OfferItemCondition\" content=\"http://schema.org/{{product.condition}}Condition\">\n              <div itemprop=\"priceSpecification\" itemscope itemtype=\"http://schema.org/PriceSpecification\">\n                  <meta itemprop=\"price\" content=\"{{price.with_tax.value}}\">\n                  <meta itemprop=\"priceCurrency\" content=\"{{currency_selector.active_currency_code}}\">\n                  <meta itemprop=\"valueAddedTaxIncluded\" content=\"true\">\n              </div>\n          {{/if}}\n          {{#if price.without_tax}}\n              <abbr title=\"{{lang 'products.including_tax'}}\">{{lang 'products.price_with_tax' tax_label=price.tax_label}}</abbr>\n          {{/if}}\n      </div>\n        <div class=\"price-section price-section--withTax rrp-price--withTax\" {{#unless price.rrp_with_tax}}style=\"display: none;\"{{/unless}}>\n          <span class=\"price-now-label\">\n            {{theme_settings.pdp-retail-price-label}}\n          </span>\n            <span data-product-rrp-with-tax class=\"price price--rrp\">\n                {{price.rrp_with_tax.formatted}}\n            </span>\n        </div>\n        <div class=\"price-section price-section--withTax non-sale-price--withTax\" {{#unless price.non_sale_price_with_tax}}style=\"display: none;\"{{/unless}}>\n          <span class=\"price-now-label\">\n            {{theme_settings.pdp-non-sale-price-label}}\n          </span>\n            <span data-product-non-sale-price-with-tax class=\"price price--non-sale\">\n                {{price.non_sale_price_with_tax.formatted}}\n            </span>\n        </div>\n    {{/if}}\n    {{#if price.without_tax}}\n        <div class=\"price-section price-section--withoutTax rrp-price--withoutTax{{#if price.with_tax}} price-section--minor{{/if}}\" {{#unless price.rrp_without_tax}}style=\"display: none;\"{{/unless}}>\n            {{theme_settings.pdp-retail-price-label}}\n            <span data-product-rrp-price-without-tax class=\"price price--rrp\">\n                {{price.rrp_without_tax.formatted}}\n            </span>\n        </div>\n        <div class=\"price-section price-section--withoutTax non-sale-price--withoutTax{{#if price.with_tax}} price-section--minor{{/if}}\" {{#unless price.non_sale_price_without_tax}}style=\"display: none;\"{{/unless}}>\n            {{theme_settings.pdp-non-sale-price-label}}\n            <span data-product-non-sale-price-without-tax class=\"price price--non-sale\">\n                {{price.non_sale_price_without_tax.formatted}}\n            </span>\n        </div>\n        <div class=\"price-section price-section--withoutTax\" {{#if schema_org}}itemprop=\"offers\" itemscope itemtype=\"http://schema.org/Offer\"{{/if}}>\n            <span class=\"price-label\" {{#if price.non_sale_price_without_tax}}style=\"display: none;\"{{/if}}>\n                {{theme_settings.pdp-price-label}}\n            </span>\n            <span class=\"price-now-label\" {{#unless price.non_sale_price_without_tax}}style=\"display: none;\"{{/unless}}>\n                {{theme_settings.pdp-sale-price-label}}\n            </span>\n            <span data-product-price-without-tax class=\"price price--withoutTax{{#if price.with_tax}} price-section--minor{{/if}}\">{{price.without_tax.formatted}}</span>\n            {{#if schema_org}}\n                <meta itemprop=\"availability\" itemtype=\"http://schema.org/ItemAvailability\"\n                    content=\"http://schema.org/{{#if product.pre_order}}PreOrder{{else if product.out_of_stock}}OutOfStock{{else if product.can_purchase '===' false}}OutOfStock{{else}}InStock{{/if}}\">\n                <meta itemprop=\"itemCondition\" itemtype=\"http://schema.org/OfferItemCondition\" content=\"http://schema.org/{{product.condition}}Condition\">\n                <div itemprop=\"priceSpecification\" itemscope itemtype=\"http://schema.org/PriceSpecification\">\n                    <meta itemprop=\"price\" content=\"{{price.without_tax.value}}\">\n                    <meta itemprop=\"priceCurrency\" content=\"{{currency_selector.active_currency_code}}\">\n                    <meta itemprop=\"valueAddedTaxIncluded\" content=\"false\">\n                </div>\n            {{/if}}\n            {{#if price.with_tax}}\n                <abbr title=\"{{lang 'products.excluding_tax'}}\">{{lang 'products.price_without_tax' tax_label=price.tax_label}}</abbr>\n            {{/if}}\n        </div>\n    {{/if}}\n    {{#if page_type '===' 'product'}}\n         <div class=\"price-section price-section--saving price\" {{#unless price.saved}}style=\"display: none;\"{{/unless}}>\n                <span class=\"price\">{{lang 'products.you_save_opening_text'}}</span>\n                <span data-product-price-saved class=\"price price--saving\">{{price.saved.formatted}}</span>\n                <span class=\"price\">{{lang 'products.you_save_closing_bracket'}}</span>\n         </div>\n    {{/if}}\n{{/and}}\n","components/common/login-for-pricing":"<p translate>Log in for pricing</p>\n","components/products/ratings":"{{#for 1 5}}\n    {{#if ../this.rating '>=' $index}}\n        <span class=\"icon icon--ratingFull\">\n            <svg>\n                <use xlink:href=\"#icon-star\" />\n            </svg>\n        </span>\n    {{else}}\n        <span class=\"icon icon--ratingEmpty\">\n            <svg>\n                <use xlink:href=\"#icon-star\" />\n            </svg>\n        </span>\n    {{/if}}\n{{/for}}\n","components/products/bulk-discount-rates":"{{#if bulk_discount_rates.length}}\n    {{#if product}}<dt class=\"productView-info-name\">{{lang 'products.bulk_pricing.title'}}</dt>{{/if}}\n    <dd class=\"productView-info-value\">\n        <a href=\"{{product.url}}#bulk_pricing\" {{#unless is_ajax }}data-reveal-id=\"modal-bulk-pricing\"{{/unless}}> {{lang 'products.bulk_pricing.view'}} </a>\n    </dd>\n    <div id=\"modal-bulk-pricing\" class=\"modal modal--small\" data-reveal>\n        <div class=\"modal-header\">\n            <h2 class=\"modal-header-title\">{{lang 'products.bulk_pricing.modal_title'}}</h2>\n            <a href=\"#\" class=\"modal-close\" aria-label=\"Close\"><span aria-hidden=\"true\">&#215;</span></a>\n        </div>\n        <div class=\"modal-body\">\n            <p>{{lang 'products.bulk_pricing.instructions'}}</p>\n            <ul>\n                {{#each bulk_discount_rates}}\n                <li>\n                    {{lang 'products.bulk_pricing.range' min=min max=max}}\n                    {{#if type '===' 'percent'}}\n                    {{lang 'products.bulk_pricing.percent' discount=discount.formatted}}\n                    {{else if type '===' 'fixed'}}\n                    {{lang 'products.bulk_pricing.fixed' discount=discount.formatted}}\n                    {{else if type '===' 'price'}}\n                    {{lang 'products.bulk_pricing.price' discount=discount.formatted}}\n                    {{/if}}\n                </li>\n                {{/each}}\n            </ul>\n        </div>\n    </div>\n{{/if}}\n","components/psdc-common/navigation-list":"<!-- SECOND LEVEL STARTS -->\n{{#if children}}\n\n<a class=\"navPages-action\" href=\"{{url}}\" class=\"needsclick\">\n  <span class=\"nav-arrow\"><svg class=\"\"><use xlink:href=\"#icon-m-right\"></use></span>\n    {{name}}\n    <svg class=\"chevron-down\"><use xlink:href=\"#icon-chevron-down\"></use></svg>\n</a>\n<ul class=\"navlist-sub nav-second-level\">\n    {{#each children}}\n    <li>\n        <!-- THIRD LEVEL STARTS -->\n        {{#if children}}\n        <a class=\"navPages-action\" href=\"{{url}}\" class=\"needsclick\">\n          <span class=\"nav-arrow\"><svg class=\"\"><use xlink:href=\"#icon-m-right\"></use></span>\n            {{name}} <svg class=\"chevron-down\"><use xlink:href=\"#icon-chevron-down\"></use></svg>\n        </a>\n        <ul class=\"navlist-sub nav-third-level\">\n            {{#each children}}\n            <li>\n              <!-- FOURTH LEVEL STARTS -->\n              {{#if children}}\n              <a class=\"navPages-action\" href=\"{{url}}\" class=\"needsclick\">\n                <span class=\"nav-arrow\"><svg class=\"\"><use xlink:href=\"#icon-m-right\"></use></span>\n                  {{name}} <svg class=\"chevron-down\"><use xlink:href=\"#icon-chevron-down\"></use></svg>\n              </a>\n              <ul class=\"navlist-sub nav-third-level\">\n                  {{#each children}}\n                  <li>\n                      <a class=\"navPages-action\" href=\"{{url}}\" class=\"needsclick\">{{name}} </a>\n                  </li>\n                  {{/each}}\n              </ul>\n              {{else}}\n                <a class=\"navPages-action\" href=\"{{url}}\" class=\"needsclick\">{{name}}</a>\n              {{/if}}\n              <!-- FOURTH LEVEL STARTS -->\n\n            </li>\n            {{/each}}\n        </ul>\n        {{else}}\n        <a class=\"navPages-action\" href=\"{{url}}\" class=\"needsclick\">\n          <span class=\"nav-arrow\"><svg class=\"\"><use xlink:href=\"#icon-m-right\"></use></span>{{name}}</a>\n        {{/if}}\n        <!-- THIRD LEVEL STARTS -->\n    </li>\n    {{/each}}\n</ul>\n{{else}}\n<a class=\"navPages-action\" href=\"{{url}}\">\n  <span class=\"nav-arrow\"><svg class=\"\"><use xlink:href=\"#icon-m-right\"></use></span>{{name}}</a>\n{{/if}}\n<!-- SECOND LEVEL ENDS -->\n","components/psdc-common/header-account-menu":"<li class=\"navUser-item navUser-item--account\">\n    <a class=\"navUser-action needsclick\" href=\"{{urls.account.index}}\">\n      <svg><use xlink:href=\"#icon-user\"></use></svg>\n      <!-- <span>{{lang 'common.account'}}</span> -->\n    </a>\n    <ul class=\"navUser-section-sub section-sub-right\">\n      {{#if customer}}\n        <li class=\"navUser-item\">\n          <a class=\"navUser-action\" href=\"{{urls.account.index}}\">\n              <svg><use xlink:href=\"#icon-user\"></use></svg><span>{{lang 'common.account'}}</span>\n          </a>\n        </li>\n        <li class=\"navUser-item\">\n            <a class=\"navUser-action needsclick\" href=\"{{urls.auth.logout}}\">\n              <svg><use xlink:href=\"#icon-padlock\"></use></svg><span>{{lang 'common.logout'}}</span>\n            </a>\n        </li>\n      {{else}}\n        <li class=\"navUser-item\">\n          <a class=\"navUser-action needsclick\" href=\"{{urls.auth.login}}\">\n            <svg><use xlink:href=\"#icon-signout\"></use></svg><span>{{lang 'common.login'}}</span>\n          </a>\n        </li>\n        {{#if settings.account_creation_enabled}}\n        <li class=\"navUser-item\">\n          <a class=\"navUser-action needsclick\" href=\"{{urls.auth.create_account}}\">\n            <svg><use xlink:href=\"#icon-register\"></use></svg><span>{{lang 'common.sign_up'}}</span>\n          </a>\n        </li>\n        {{/if}}\n      {{/if}}\n      {{#if settings.gift_certificates_enabled}}\n          <li class=\"navUser-item\">\n              <a class=\"navUser-action needsclick\" href=\"{{urls.gift_certificate.purchase}}\">\n              <svg><use xlink:href=\"#icon-gift-certificate\"></use></svg><span>{{lang 'common.gift_cert'}}</span>\n              </a>\n          </li>\n      {{/if}}\n      {{#if settings.show_wishlist}}\n        <li class=\"navUser-item navUser-item-wishlist\">\n            <a class=\"navUser-action needsclick\" href=\"{{urls.account.wishlists.all}}\">\n              <svg><use xlink:href=\"#icon-wishlist\"></use></svg><span>{{lang 'account.nav.wishlist'}}</span>\n            </a>\n        </li>\n      {{/if}}\n\n      {{#if customer.store_credit.value '>' 0}}\n          <li class=\"navUser-item navUser-item-storeCredit\">\n              <a class=\"navUser-action navUser-action--storeCredit needsclick\" href=\"{{urls.cart}}\">\n                 <span>{{lang 'common.store_credit_overview' credit=customer.store_credit.formatted}}</span>\n              </a>\n          </li>\n      {{/if}}\n\n    </ul>\n</li>\n","components/products/price-range":"{{#and price.retail_price_range.min.with_tax price.retail_price_range.max.with_tax}}\n    <div class=\"price-section price-section--withTax rrp-price--withTax\">\n        {{theme_settings.pdp-retail-price-label}}\n        <span data-product-rrp-price-with-tax class=\"price price--rrp\">{{price.retail_price_range.min.with_tax.formatted}} - {{price.retail_price_range.max.with_tax.formatted}}</span>\n    </div>\n{{else}}\n    {{#if price.with_tax}}\n        <div class=\"price-section price-section--withTax rrp-price--withTax\" style=\"display: none;\">\n            {{theme_settings.pdp-retail-price-label}}\n            <span data-product-rrp-with-tax class=\"price price--rrp\">\n                {{price.rrp_with_tax.formatted}}\n            </span>\n        </div>\n    {{/if}}\n{{/and}}\n{{#and price.price_range.min.with_tax price.price_range.max.with_tax}}\n    {{!-- Never display the \"non-sales price\" if there is a price range to be shown, but we do want the element on the page --}}\n    <div class=\"price-section price-section--withTax non-sale-price--withTax\" style=\"display: none;\">\n        {{theme_settings.pdp-non-sale-price-label}}\n        <span data-product-non-sale-price-with-tax class=\"price price--non-sale\">\n            {{price.non_sale_price_with_tax.formatted}}\n        </span>\n    </div>\n    <div class=\"price-section price-section--withTax\" {{#if schema_org}}itemprop=\"offers\" itemscope itemtype=\"http://schema.org/Offer\"{{/if}}>\n        <span class=\"price-label\">{{theme_settings.pdp-price-label}}</span>\n        <span class=\"price-now-label\" style=\"display: none;\">{{theme_settings.pdp-sale-price-label}}</span>\n        <span data-product-price-with-tax class=\"price price--withTax\">{{price.price_range.min.with_tax.formatted}} - {{price.price_range.max.with_tax.formatted}}</span>\n        {{#and price.price_range.min.without_tax price.price_range.max.without_tax}}\n            <abbr title=\"{{lang 'products.including_tax'}}\">{{lang 'products.price_with_tax' tax_label=price.price_range.min.tax_label}}</abbr>\n        {{/and}}\n        {{#if schema_org}}\n            <meta itemprop=\"availability\" itemtype=\"http://schema.org/ItemAvailability\" content=\"http://schema.org/{{#if product.pre_order}}PreOrder{{else if product.out_of_stock}}OutOfStock{{else if product.can_purchase '===' false}}OutOfStock{{else}}InStock{{/if}}\">\n            <meta itemprop=\"itemCondition\" itemtype=\"http://schema.org/OfferItemCondition\" content=\"http://schema.org/{{product.condition}}Condition\">\n            <meta itemprop=\"priceCurrency\" content=\"{{currency_selector.active_currency_code}}\">\n            <meta itemprop=\"url\" content=\"{{product.url}}\">\n            <div itemprop=\"priceSpecification\" itemscope itemtype=\"http://schema.org/PriceSpecification\">\n                <meta itemprop=\"minPrice\" content=\"{{price_range.min.with_tax.value}}\"  />\n                <meta itemprop=\"price\" content=\"{{price_range.min.with_tax.value}}\">\n                <meta itemprop=\"maxPrice\" content=\"{{price_range.max.with_tax.value}}\"  />\n                <meta itemprop=\"priceCurrency\" content=\"{{currency_selector.active_currency_code}}\">\n                <meta itemprop=\"valueAddedTaxIncluded\" content=\"true\">\n            </div>\n        {{/if}}\n    </div>\n{{/and}}\n{{#and price.retail_price_range.min.without_tax price.retail_price_range.max.without_tax}}\n    <div class=\"price-section price-section--withoutTax rrp-price--withoutTax{{#if price.with_tax}} price-section--minor{{/if}}\">\n        {{theme_settings.pdp-retail-price-label}}\n        <span data-product-rrp-price-without-tax class=\"price price--rrp\">{{price.retail_price_range.min.without_tax.formatted}} - {{price.retail_price_range.max.without_tax.formatted}}</span>\n    </div>\n{{else}}\n    {{#if price.without_tax}}\n        <div class=\"price-section price-section--withoutTax rrp-price--withoutTax{{#if price.with_tax}} price-section--minor{{/if}}\" style=\"display: none;\">\n            {{theme_settings.pdp-retail-price-label}}\n            <span data-product-rrp-price-without-tax class=\"price price--rrp\">\n                {{price.rrp_without_tax.formatted}}\n            </span>\n        </div>\n    {{/if}}\n{{/and}}\n{{#and price.price_range.min.without_tax price.price_range.max.without_tax}}\n    {{!-- Never display the \"non-sales price\" if there is a price range to be shown, but we do want the element on the page --}}\n    <div class=\"price-section price-section--withoutTax non-sale-price--withoutTax{{#if price.with_tax}} price-section--minor{{/if}}\" style=\"display: none;\">\n        {{theme_settings.pdp-non-sale-price-label}}\n        <span data-product-non-sale-price-without-tax class=\"price price--non-sale\">\n            {{price.non_sale_price_without_tax.formatted}}\n        </span>\n    </div>\n    <div class=\"price-section price-section--withoutTax{{#and price_range.min.with_tax price_range.max.with_tax}} price-section--minor{{/and}}\" {{#if schema_org}}itemprop=\"offers\" itemscope itemtype=\"http://schema.org/Offer\"{{/if}}>\n        <span class=\"price-label\">{{theme_settings.pdp-price-label}}</span>\n        <span class=\"price-now-label\" style=\"display: none;\">{{theme_settings.pdp-sale-price-label}}</span>\n        <span data-product-price-without-tax class=\"price price--withoutTax\">{{price.price_range.min.without_tax.formatted}} - {{price.price_range.max.without_tax.formatted}}</span>\n        {{#and price.price_range.min.with_tax price.price_range.max.with_tax}}\n            <abbr title=\"{{lang 'products.excluding_tax'}}\">{{lang 'products.price_without_tax' tax_label=price.price_range.min.tax_label}}</abbr>\n        {{/and}}\n        {{#if schema_org}}\n            <meta itemprop=\"availability\" itemtype=\"http://schema.org/ItemAvailability\"\n            content=\"http://schema.org/{{#if product.pre_order}}PreOrder{{else if product.out_of_stock}}OutOfStock{{else if product.can_purchase '===' false}}OutOfStock{{else}}InStock{{/if}}\">\n            <meta itemprop=\"itemCondition\" itemtype=\"http://schema.org/OfferItemCondition\" content=\"http://schema.org/{{product.condition}}Condition\">\n            <meta itemprop=\"priceCurrency\" content=\"{{currency_selector.active_currency_code}}\">\n            <meta itemprop=\"url\" content=\"{{product.url}}\">\n            <div itemprop=\"priceSpecification\" itemscope itemtype=\"http://schema.org/PriceSpecification\">\n                <meta itemprop=\"minPrice\" content=\"{{price.price_range.min.without_tax.value}}\"  />\n                <meta itemprop=\"price\" content=\"{{price.price_range.min.without_tax.value}}\">\n                <meta itemprop=\"maxPrice\" content=\"{{price.price_range.max.without_tax.value}}\"  />\n                <meta itemprop=\"priceCurrency\" content=\"{{currency_selector.active_currency_code}}\">\n                <meta itemprop=\"valueAddedTaxIncluded\" content=\"false\">\n            </div>\n        {{/if}}\n    </div>\n{{/and}}\n\n{{!-- Never display the \"saving price\" element by default if there is a price range on the page to be shown --}}\n{{#if page_type '===' 'product'}}\n     <div class=\"price-section price-section--saving price\" style=\"display: none;\">\n            <span class=\"price\">{{lang 'products.you_save_opening_text'}}</span>\n            <span data-product-price-saved class=\"price price--saving\">\n                {{price.saved.formatted}}\n            </span>\n            <span class=\"price\">{{lang 'products.you_save_closing_bracket'}}</span>\n     </div>\n{{/if}}\n"}